chromosome,gene,prot_name,reverse,uniprot_id
14,AKT1,Akt1,True,P31749
19,AKT2,Akt2,True,P31751
1,AKT3,Akt3,True,Q9Y243
1,CDC42BPA,MRCKA,True,Q5VT25
14,CDC42BPB,,True,Q9Y5S2
11,CDC42BPG,,True,Q6DT37
12,CIT,CRIK,True,O14578
19,DMPK,DMPK1,True,Q09013
13,GRK1,GRK1,False,Q15835
11,GRK2,GRK2,False,P25098
22,GRK3,GRK3,False,P35626
4,GRK4,GRK4,False,P32298
10,GRK5,GRK5,False,P34947
5,GRK6,GRK6,False,P43250
3,GRK7,GRK7,False,Q8WTQ7
6,LATS1,LATS1,True,O95835
13,LATS2,LATS2,True,Q9NRM7
19,MAST1,,False,Q9Y2H9
1,MAST2,,False,Q6P0Q8
19,MAST3,,False,O60307
5,MAST4,,False,O15021
10,MASTL,MASTL,False,Q96GX5
16,PDPK1,PDK1,False,O15530
19,PKN1,PKN1,False,Q16512
1,PKN2,PKN2,False,Q16513
9,PKN3,PKN3,False,Q6P5Z2
19,PRKACA,PKACA,True,P17612
1,PRKACB,PKACB,False,P22694
9,PRKACG,,True,P22612
17,PRKCA,PKCA,False,P17252
16,PRKCB,PKCB,False,P05771
3,PRKCD,PKCD,False,Q05655
2,PRKCE,PKCE,False,Q02156
19,PRKCG,PKCG,False,P05129
14,PRKCH,PKCH,False,P24723
3,PRKCI,PKCI,False,P41743
10,PRKCQ,PKCT,True,Q04759
1,PRKCZ,PKCZ,False,Q05513
10,PRKG1,PKG1,False,Q13976
4,PRKG2,PKG2,True,Q13237
X,PRKX,PRKX,True,P51817
Y,PRKY,,False,O43930
18,ROCK1,ROCK1,True,Q13464
2,ROCK2,ROCK2,True,O75116
1,RPS6KA1,p90RSK,False,Q15418
6,RPS6KA2,RSK3,True,Q15349
X,RPS6KA3,RSK2,True,P51812
11,RPS6KA4,MSK2,False,O75676
14,RPS6KA5,MSK1,True,O75582
X,RPS6KA6,,True,Q9UK32
17,RPS6KB1,p70S6K,False,P23443
11,RPS6KB2,P70S6KB,False,Q9UBS0
6,SGK1,SGK1,True,O00141
20,SGK2,SGK2,False,Q9HBY8
8,SGK3,SGK3,False,Q96BR1
6,STK38,NDR1,True,Q15208
12,STK38L,NDR2,False,Q9Y2H1
19,BRSK1,BRSK1,False,Q8TDC3
11,BRSK2,BRSK2,False,Q8IWQ3
3,CAMK1,CAMK1A,True,Q14012
10,CAMK1D,CAMK1D,False,Q8IU85
1,CAMK1G,CAMK1G,False,Q96NX5
5,CAMK2A,CAMK2A,True,Q9UQM7
7,CAMK2B,CAMK2B,True,Q13554
4,CAMK2D,CAMK2D,True,Q13557
10,CAMK2G,CAMK2G,True,Q13555
5,CAMK4,CAMK4,False,Q16566
3,CAMKV,,True,Q8NCB2
X,CASK,CASK,True,O14936
11,CHEK1,Chk1,False,O14757
22,CHEK2,Chk2,True,O96017
9,DAPK1,DAPK1,False,P53355
15,DAPK2,DAPK2,True,Q9UIK4
19,DAPK3,DAPK3,True,O43293
13,DCLK1,,True,O15075
4,DCLK2,,False,Q8N568
3,DCLK3,,True,Q9C098
21,HUNK,,False,P57058
3,KALRN,kalirin,False,O60229
1,MAPKAPK2,MAPKAPK2,False,P49137
3,MAPKAPK3,MAPKAPK3,False,Q16644
12,MAPKAPK5,MAPKAPK5,False,Q8IW41
1,MARK1,MARK1,False,Q9P0L2
11,MARK2,MARK2,False,Q7KZI7
14,MARK3,MARK3,False,P27448
19,MARK4,MARK4,False,Q96L34
9,MELK,MELK,False,Q14680
1,MKNK1,Mnk1,True,Q9BUB5
19,MKNK2,Mnk2,True,Q9HBH9
3,MYLK,smMLCK,True,Q15746
20,MYLK2,skMLCK,False,Q9H1R3
16,MYLK3,,True,Q32MK0
6,MYLK4,,True,Q86YV6
5,NIM1K,,False,Q8IY84
12,NUAK1,NuaK1,True,O60285
1,NUAK2,NuaK2,True,Q9H093
1,OBSCN,,False,Q5VST9
2,PASK,PASK,True,Q96RG2
7,PHKG1,,True,Q16816
16,PHKG2,,False,P15735
6,PIM1,Pim1,False,P11309
X,PIM2,Pim2,True,Q9P1W9
22,PIM3,Pim3,False,Q86V86
X,PNCK,CAMK1B,True,Q6P2M8
5,PRKAA1,AMPKA1,True,Q13131
1,PRKAA2,AMPKA2,False,P54646
14,PRKD1,PRKD1,True,Q15139
19,PRKD2,PRKD2,True,Q9BZL6
2,PRKD3,PRKD3,True,O94806
16,PSKH1,,False,P11801
8,PSKH2,,True,Q96QS6
21,SIK1,SIK,True,P57059
21,SIK1B,,False,A0A0B4J2F2
11,SIK2,QIK,False,Q9H0K1
11,SIK3,QSK,True,Q9Y2K2
3,SNRK,SNRK,False,Q9NRH2
2,SPEG,,False,Q15772
19,STK11,LKB1,False,Q15831
7,STK17A,DRAK1,False,Q9UEE5
2,STK17B,,True,O94768
11,STK33,,True,Q9BYT3
1,STK40,,True,Q8N2I9
8,TRIB1,,False,Q96RU8
2,TRIB2,TRB2,False,Q92519
20,TRIB3,,False,Q96RU7
5,TRIO,TRIO,False,O75962
5,TSSK1B,,True,Q9BXA7
22,TSSK2,,False,Q96PF2
1,TSSK3,,False,Q96PN8
CHR_HG1_PATCH,TSSK4,TSSK4,False,Q6SA08
19,TSSK6,,True,Q9BXA6
2,TTN,Titin,True,Q8WZ42
5,CSNK1A1,CK1A,True,P48729
13,CSNK1A1L,CK1A2,True,Q8N752
17,CSNK1D,CK1D,True,P48730
22,CSNK1E,CK1E,True,P49674
15,CSNK1G1,CK1G1,True,Q9HCP0
19,CSNK1G2,CK1G2,False,P78368
5,CSNK1G3,,False,Q9Y6M4
6,TTBK1,TTBK1,False,Q5TCY1
15,TTBK2,TTBK2,True,Q6IQ55
14,VRK1,VRK1,False,Q99986
2,VRK2,VRK2,False,Q86Y07
19,VRK3,VRK3,True,Q8IV63
10,CDK1,CDK1,False,P06493
16,CDK10,CDK10,False,Q15131
1,CDK11A,CDK11A,True,Q9UQ88
1,CDK11B,CDK11B,True,P21127
17,CDK12,CDK12,False,Q9NYV4
7,CDK13,CDK13,False,Q14004
7,CDK14,CDK14,False,O94921
2,CDK15,,False,Q96Q40
X,CDK16,CDK16,False,Q00536
12,CDK17,,True,Q00537
1,CDK18,,False,Q07002
6,CDK19,CDK19,True,Q9BWU1
12,CDK2,CDK2,False,P24941
9,CDK20,CDK20,True,Q8IZL9
17,CDK3,CDK3,False,Q00526
12,CDK4,CDK4,True,P11802
7,CDK5,CDK5,True,Q00535
7,CDK6,CDK6,True,Q00534
5,CDK7,CDK7,False,P50613
13,CDK8,CDK8,False,P49336
9,CDK9,CDK9,False,P50750
4,CDKL2,,True,Q92772
5,CDKL3,,True,Q8IVW4
2,CDKL4,,True,Q5MAI5
X,CDKL5,CDKL5,False,O76039
2,CLK1,CLK1,True,P49759
1,CLK2,CLK2,True,P49760
15,CLK3,CLK3,False,P49761
5,CLK4,CLK4,True,Q9HAZ1
21,DYRK1A,DYRK1A,False,Q13627
19,DYRK1B,DYRK1B,True,Q9Y463
12,DYRK2,DYRK2,False,Q92630
1,DYRK3,DYRK3,False,O43781
12,DYRK4,,False,Q9NR20
19,GSK3A,GSK3A,True,P49840
3,GSK3B,GSK3B,True,P49841
1,HIPK1,HIPK1,False,Q86Z02
7,HIPK2,HIPK2,True,Q9H2X6
11,HIPK3,HIPK3,False,Q9H422
19,HIPK4,,True,Q8NE63
6,ICK,ICK,True,Q9UPZ9
6,MAK,,True,P20794
22,MAPK1,ERK2,True,P28482
4,MAPK10,JNK3,True,P53779
22,MAPK11,P38B,True,Q15759
22,MAPK12,P38G,True,P53778
6,MAPK13,P38D,False,O15264
6,MAPK14,P38A,False,Q16539
8,MAPK15,ERK7,False,Q8TD08
16,MAPK3,ERK1,True,P27361
18,MAPK4,,False,P31152
15,MAPK6,ERK3,False,Q16659
17,MAPK7,ERK5,False,Q13164
10,MAPK8,JNK1,False,P45983
5,MAPK9,JNK2,True,P45984
14,MOK,,True,Q9UQ07
17,NLK,NLK,False,Q9UBE8
6,PRPF4B,PRP4,False,Q13523
6,SRPK1,SRPK1,True,Q96SB4
7,SRPK2,SRPK2,True,P78362
X,SRPK3,,False,Q9UPE1
4,NEK1,NEK1,True,Q96PY6
3,NEK10,,True,Q6ZWH5
3,NEK11,NEK11,False,Q8NG66
1,NEK2,NEK2,True,P51955
13,NEK3,NEK3,True,P51956
3,NEK4,,True,P51957
13,NEK5,,True,Q6P3R8
9,NEK6,NEK6,False,Q9HC98
1,NEK7,NEK7,False,Q8TDX7
17,NEK8,,False,Q86SG6
14,NEK9,NEK9,True,Q8TD19
12,GUCY2C,,True,P25092
17,GUCY2D,,False,Q02846
X,GUCY2F,,True,P51841
1,NPR1,ANPA,False,P16066
9,NPR2,,False,P20594
15,MAP2K1,MEK1,False,Q02750
19,MAP2K2,MEK2,True,P36507
17,MAP2K3,MKK3,False,P46734
17,MAP2K4,MKK4,False,P45985
15,MAP2K5,MEK5,False,Q13163
17,MAP2K6,MKK6,False,P52564
19,MAP2K7,MKK7,False,O14733
5,MAP3K1,MEKK1,False,Q13233
19,MAP3K10,MLK2,False,Q02779
11,MAP3K11,MLK3,True,Q16584
12,MAP3K12,DLK,True,Q12852
3,MAP3K13,,False,O43283
17,MAP3K14,Nik,True,Q99558
X,MAP3K15,,True,Q6ZN16
2,MAP3K19,,True,Q56UN5
2,MAP3K2,MEKK2,True,Q9Y2U5
2,MAP3K20,ZAK,False,Q9NYL2
1,MAP3K21,,False,Q5TCX8
17,MAP3K3,MEKK3,False,Q99759
6,MAP3K4,MEKK4,False,Q9Y6R4
6,MAP3K5,ASK1,True,Q99683
1,MAP3K6,MEKK6,True,O95382
6,MAP3K7,TAK1,True,O43318
10,MAP3K8,Cot,False,P41279
14,MAP3K9,,True,P80192
19,MAP4K1,HPK1,True,Q92918
11,MAP4K2,GCK,True,Q12851
2,MAP4K3,KHS2,True,Q8IVH8
2,MAP4K4,HGK,False,O95819
14,MAP4K5,KHS1,True,Q9Y4K4
17,MINK1,MINK,False,Q8N4C8
10,MYO3A,MYO3A,False,Q8NEV4
2,MYO3B,,False,Q8WXR4
X,NRK,,False,Q7Z2Y5
3,OXSR1,OSR1,False,O95747
11,PAK1,PAK1,True,Q13153
3,PAK2,PAK2,False,Q13177
X,PAK3,,False,O75914
19,PAK4,PAK4,False,O96013
20,PAK5,PAK5,True,Q9P286
15,PAK6,PAK6,False,Q9NQU5
8,PBK,PBK,True,Q96KB5
10,SLK,,False,Q9H2G2
5,STK10,LOK,True,O94804
13,STK24,MST3,True,Q9Y6E0
2,STK25,YSK1,True,O00506
X,STK26,MST4,False,Q9P289
8,STK3,MST2,True,Q13188
2,STK39,STLK3,True,Q9UEW8
20,STK4,MST1,False,Q13043
17,STRADA,STRAD,True,Q7RTN6
2,STRADB,,False,Q9C0K7
17,TAOK1,TAO1,False,Q7L7X3
16,TAOK2,TAO2,False,Q9UL54
12,TAOK3,TAO3,True,Q9H2K8
3,TNIK,TNIK,True,Q9UKE5
2,ACVR1,,True,Q04771
12,ACVR1B,ALK4,False,P36896
2,ACVR1C,,True,Q8NER5
2,ACVR2A,,False,P27037
3,ACVR2B,,False,Q13705
12,ACVRL1,ALK1,False,P37023
12,AMHR2,,False,Q16671
11,ANKK1,,False,Q8NFD2
X,ARAF,ARAF,False,P10398
10,BMPR1A,,False,P36894
4,BMPR1B,BMPR1B,False,O00238
2,BMPR2,,False,Q13873
7,BRAF,BRAF,True,P15056
11,ILK,ILK,False,Q13418
X,IRAK1,IRAK1,True,P51617
3,IRAK2,,False,O43187
12,IRAK3,,False,Q9Y616
12,IRAK4,IRAK4,False,Q9NWZ3
12,KSR2,,True,Q6VAB6
7,LIMK1,LIMK1,False,P53667
22,LIMK2,LIMK2,False,P53671
15,LRRK1,LRRK1,False,Q38SD2
12,LRRK2,LRRK2,False,Q5S007
3,RAF1,RAF1,True,P04049
6,RIPK1,RIPK1,False,Q13546
8,RIPK2,RIPK2,False,O43353
CHR_HG1_PATCH,RIPK3,RIPK3,True,Q9Y572
21,RIPK4,,True,P57078
9,TESK1,TESK1,False,Q15569
1,TESK2,,True,Q96S53
9,TGFBR1,TGFBR1,False,P36897
3,TGFBR2,TGFBR2,False,P37173
1,TNNI3K,,False,Q59H18
17,AATK,,True,Q6ZMQ8
9,ABL1,Abl,False,P00519
1,ABL2,Arg,True,P42684
2,ALK,ALK,True,Q9UM73
19,AXL,AXL,False,P30530
8,BLK,BLK,False,P51451
X,BMX,Etk,False,P51813
X,BTK,Btk,True,Q06187
5,CSF1R,CSFR,True,P07333
15,CSK,CSK,False,P41240
6,DDR1,DDR1,False,Q08345
1,DDR2,DDR2,False,Q16832
7,EGFR,EGFR,False,P00533
7,EPHA1,,True,P21709
1,EPHA10,,True,Q5JZY3
1,EPHA2,EphA2,True,P29317
3,EPHA3,,False,P29320
2,EPHA4,EphA4,True,P54764
4,EPHA5,,True,P54756
6,EPHA7,,True,Q15375
1,EPHA8,,False,P29322
3,EPHB1,,False,P54762
1,EPHB2,EphB2,False,P29323
3,EPHB3,EphB3,False,P54753
7,EPHB4,,True,P54760
17,ERBB2,HER2,False,P04626
12,ERBB3,,False,P21860
2,ERBB4,HER4,True,Q15303
5,FER,Fer,False,P16591
15,FES,Fes,False,P07332
8,FGFR1,FGFR1,True,P11362
10,FGFR2,FGFR2,True,P21802
4,FGFR3,FGFR3,False,P22607
5,FGFR4,FGFR4,False,P22455
1,FGR,FGR,True,P09769
13,FLT1,VEGFR1,True,P17948
13,FLT3,FLT3,True,P36888
5,FLT4,VEGFR3,True,P35916
6,FRK,FRK,True,P42685
6,FYN,Fyn,True,P06241
20,HCK,Hck,False,P08631
15,IGF1R,IGF1R,False,P08069
19,INSR,INSR,True,P06213
1,INSRR,,True,P14616
5,ITK,ITK,False,Q08881
1,JAK1,JAK1,True,P23458
9,JAK2,JAK2,False,O60674
19,JAK3,JAK3,True,P52333
4,KDR,VEGFR2,True,P35968
4,KIT,Kit,False,P10721
1,LCK,Lck,False,P06239
7,LMTK2,Lmr2,False,Q8IWU2
19,LMTK3,,True,Q96Q04
15,LTK,,True,P29376
8,LYN,LYN,False,P07948
19,MATK,CTK,True,P42679
2,MERTK,Mer,False,Q12866
7,MET,Met,False,P08581
3,MST1R,Ron,True,Q04912
9,MUSK,,False,O15146
1,NTRK1,TrkA,False,P04629
9,NTRK2,TrkB,False,Q16620
15,NTRK3,,True,Q16288
4,PDGFRA,PDGFRA,False,P16234
5,PDGFRB,PDGFRB,True,P09619
8,PTK2,FAK,True,Q05397
8,PTK2B,Pyk2,False,Q14289
20,PTK6,Brk,True,Q13882
6,PTK7,,False,Q13308
10,RET,Ret,False,P07949
1,ROR1,,False,Q01973
9,ROR2,,True,Q01974
6,ROS1,,True,P08922
3,RYK,,True,P34925
20,SRC,Src,False,P12931
20,SRMS,SRMS,True,Q9H3Y6
12,STYK1,,True,Q6J9G0
9,SYK,Syk,False,P43405
4,TEC,TEC,True,P42680
9,TEK,TIE2,False,Q02763
1,TIE1,,False,P35590
17,TNK1,TNK1,False,Q13470
3,TNK2,Ack,True,Q07912
4,TXK,TXK,True,P42681
19,TYK2,Tyk2,True,P29597
15,TYRO3,Tyro3,False,Q06418
18,YES1,Yes,True,P07947
2,ZAP70,ZAP70,False,P43403
2,AAK1,AAK1,True,Q2M2I8
17,AURKB,AurB,True,Q96GD4
19,AURKC,AurC,False,Q9UQB9
4,BMP2K,,False,Q9NSY1
2,BUB1,BUB1,True,O43683
15,BUB1B,BUB1B,False,O60566
17,CAMKK1,CAMKK1,True,Q8N5S9
12,CAMKK2,CAMKK2,True,Q96RR4
1,CDC7,CDC7,False,O00311
10,CHUK,IKKA,True,O15111
20,CSNK2A1,CK2A1,True,P68400
16,CSNK2A2,CK2A2,True,P19784
11,CSNK2A3,,True,Q8NEV1
1,DSTYK,,True,Q6XUX3
7,EIF2AK1,HRI,True,Q9BQI3
2,EIF2AK2,PKR,True,P19525
2,EIF2AK3,PERK,True,Q9NZJ5
15,EIF2AK4,GCN2,False,Q9P2K8
17,ERN1,IRE1,True,O75460
16,ERN2,,True,Q76MJ5
4,GAK,GAK,True,O14976
17,HASPIN,Haspin,False,Q8TF76
8,IKBKB,IKKB,False,O14920
1,IKBKE,IKKE,False,Q14164
16,MLKL,MLKL,True,Q8NB16
8,MOS,MOS,True,P00540
2,NRBP1,,False,Q9UHY1
8,NRBP2,,True,Q9NSY0
13,PAN3,,False,Q58A45
1,PDIK1L,,False,Q8N165
15,PEAK1,PEAK1,True,Q9H792
3,PIK3R4,,True,Q99570
1,PINK1,PINK1,False,Q9BXM7
2,PKDCC,,False,Q504Y2
16,PKMYT1,Myt1,True,Q99640
16,PLK1,PLK1,False,P53350
5,PLK2,PLK2,True,Q9NYY3
1,PLK3,PLK3,False,Q9H4B4
4,PLK4,PLK4,False,O00444
19,PLK5,,False,Q496M5
8,POMK,,False,Q9H5K3
8,PRAG1,,True,Q86YV5
3,PXK,,False,Q7Z7A4
1,RNASEL,,True,Q05823
1,RPS6KC1,,False,Q96S38
14,RPS6KL1,,True,Q9Y6S9
16,SBK1,,False,Q52WX2
19,SBK2,,True,P0C263
19,SBK3,,True,P0C264
11,SCYL1,SCYL1,False,Q96KG9
12,SCYL2,,False,Q6P3W7
1,SCYL3,,True,Q8IZE3
2,STK16,MPSK1,False,O75716
7,STK31,,False,Q9BXU1
5,STK32A,,False,Q8WU08
4,STK32B,,False,Q9NY57
10,STK32C,,True,Q86UX6
20,STK35,,False,Q8TDR2
2,STK36,,False,Q9NRP7
9,STKLD1,,False,Q8NE28
4,TBCK,,True,Q8TEA7
12,TBK1,TBK1,False,Q9UHD2
17,TEX14,TEX14,True,Q8IWB6
2,TLK1,TLK1,True,Q9UKI8
17,TLK2,TLK2,False,Q86UE8
20,TP53RK,PRPK,True,Q96S44
6,TTK,TTK,False,P33981
1,UHMK1,KIS,False,Q8TAS1
12,ULK1,ULK1,False,O75385
17,ULK2,ULK2,True,Q8IYT8
15,ULK3,ULK3,True,Q6PHR2
3,ULK4,,True,Q96C45
11,WEE1,Wee1,False,P30291
7,WEE2,,False,P0C1S8
12,WNK1,WNK1,False,Q9H4A3
9,WNK2,WNK2,False,Q9Y3S1
X,WNK3,WNK3,True,Q9BYP7
17,WNK4,WNK4,False,Q96J92
7,ADCK2,,False,Q7Z695
8,ADCK5,,False,Q3MIX3
1,COQ8A,,False,Q8NI60
19,COQ8B,,True,Q96D53
4,ALPK1,,False,Q96QP1
18,ALPK2,,True,Q86TB3
15,ALPK3,,False,Q96L96
16,EEF2K,EEF2K,False,O00418
9,TRPM6,ChaK2,True,Q9BX84
15,TRPM7,ChaK1,True,Q96QT4
7,FASTK,,True,Q14296
16,BCKDK,,False,O14874
2,PDK1,PDHK1,False,Q15118
17,PDK2,PDHK2,False,Q15119
X,PDK3,PDHK3,False,Q15120
7,PDK4,PDHK4,True,Q16654
11,ATM,ATM,False,Q13315
3,ATR,ATR,True,Q13535
1,MTOR,mTOR,True,P42345
3,PIK3CA,PIK3CA,False,P42336
3,PIK3CB,PIK3CB,True,P42338
1,PIK3CD,PIK3CD,False,O00329
7,PIK3CG,PIK3CG,False,P48736
8,PRKDC,DNAPK,True,P78527
16,SMG1,SMG1,True,Q96Q15
6,RIOK1,RIOK1,False,Q9BRS2
5,RIOK2,RIOK2,True,Q9BVS4
18,RIOK3,RIOK3,False,O14730
,AURKA,AurA,,O14965
19,GTF2F1,GTF2F1,True,P35269
,PRKAG2,AMPKG2,,Q9UGJ0
,BCR/ABL,BCR-ABL1,,A9UF07
16,PRKCB,PKCB iso2,False,P05771-2
17,NME1,NME1,False,P15531
14,MARK3,MARK3 iso3,False,P27448-3
1,MKNK1,Mnk1 iso2,True,Q9BUB5-2
9,HSPA5,GRP78,True,P11021
22,BCR,Bcr,False,P11274
,MAPK9,JNK2 iso2,,P45984-2
10,PRKG1,PKG1 iso2,False,Q13976-2
,KSR1,KSR,,Q8IVT5
2,PIKFYVE,PIKFYVE,False,Q9Y2I7
,CAMK2D,CAMK2D iso8,,Q13557-8
,PHKA1,PHKA1,,P46020
7,BAZ1B,WSTF,True,Q9UIG0
,TAF1,TAF1,,P21675
10,MAPK8,JNK1 iso2,False,P45983-2
,RET,Ret iso3,,Q15300
20,TGM2,TGM2,True,P21980
6,ENPP3,ENPP3,False,O14638
3,GSK3B,GSK3B iso2,True,P49841-2
,PRKACA,PKACA iso2,,P17612-2
X,PGK1,PGK1,False,P00558
17,NME2,NME2,False,P22392
5,COL4A3BP,COL4A3BP,True,Q9Y5P4
,NPM/ALK,NPM-ALK,,AAA58698
12,PRKAB1,AMPKB1,False,Q9Y478
15,PKM,PKM,True,P14618
7,BLVRA,BVR,False,P53004
6,CSNK2B,CK2B,False,P67870
,BRD4,BRD4,,O60885
,FAM20C,FAM20C,,Q8IXL6
,CDK11A,CDK11A iso10,,Q9UQ88-10
19,BRSK1,BRSK1 iso2,False,Q8TDC3-2
14,EIF2S1,eIF2-alpha,False,P05198
17,HDAC5,HDAC5,True,Q9UQL6
,PTPRA,PTPRA iso2,,P18433-2
9,HNRNPK,hnRNP K,True,P61978
10,SHOC2,SHOC2,False,Q9UQ13
,MUC1,MUC1,,P15941
4,ADD1,ADD1,False,P35611
7,NCF1,p47phox,False,P14598
8,FBXO25,FBXO25,False,Q8TCJ0
X,ENOX2,ENOX2,True,Q16206
19,TNNI3,TNNI3,True,P19429
11,FOSL1,FRA1,True,P15407
11,BEST1,BEST1,False,O76090
9,CARD9,CARD9,True,Q9H257
,ITGB2,ITGB2,,P05107
13,LCP1,L-plastin,True,P13796
12,TRPV4,TRPV4,True,Q9HBA0
5,SQSTM1,SQSTM1,False,Q13501
12,KRT8,K8,True,P05787
12,GAPDH,GAPDH,False,P04406
8,NRG1,NRG1 iso6,False,Q02297-6
1,DAP3,DAP3,False,P51398
2,STAT1,STAT1,True,P42224
9,RPS6,S6,True,P62753
6,SLC29A1,SLC29A1,False,Q99808
11,CTTN,Cortactin,False,Q14247
5,DAB2,DAB2,True,P98082
,PTPN22,PTPN22,,Q9Y2R2
11,SMPD1,SMPD1,False,P17405
6,HIST1H3A,H3,False,P68431
10,CHAT,CHAT iso3,False,P28329-3
16,CYBA,CYBA,True,P13498
17,TP53,p53,True,P04637
20,PREX1,PREX1,True,Q8TCU6
2,ADAM17,TACE,True,P78536
16,CDH1,CDH1,False,P12830
2,IRS1,IRS1,True,P35568
19,C5AR1,C5aR,False,P21730
17,PLSCR3,PLSCR3,True,Q9NRY6
19,PPP1R14A,PPP1R14A,True,Q96A00
,G6PD,G6PD iso3,,P11413-3
19,NR2F6,EAR-2,True,P10588
5,IL6ST,gp130,True,P40189
12,,HVCN1 iso4,True,Q96D96-4
11,RPS3,RPS3,False,P23396
17,PLD2,PLD2,False,O14939
10,BAG3,BAG3,False,O95817
1,SHC1,SHC1 iso2,True,P29353-2
19,ELAVL1,HuR,True,Q15717
1,HAX1,HAX1,False,O00165
3,CTNNB1,CTNNB1,False,P35222
2,CXCR4,CXCR4,True,P61073
11,PPP1R14B,PPP1R14B,True,Q96C90
1,FCER1G,FCER1G,False,P30273
3,TBL1XR1,TBL1XR1,True,Q9BZK7
17,STAT3,STAT3,True,P40763
12,DNM1L,DRP1,False,O00429
22,EP300,p300,False,Q09472
11,FLI1,FLI1,False,Q01543
12,PA2G4,Ebp1,False,Q9UQ80
12,HVCN1,HVCN1,True,Q96D96
11,CAT,Catalase,False,P04040
1,TP73,p73 iso2,False,O15350-2
7,CHN2,ARHGAP3,False,P52757
12,PEBP1,RKIP,False,P30086
2,RASGRP3,RASGRP3,False,Q8IV61
6,CDKN1A,p21Cip1,False,P38936
14,AKAP5,AKAP5,False,P24588
3,HRH1,H1R,False,P35367
18,SMAD2,SMAD2,True,Q15796
21,ETS2,Ets-2,False,P15036
15,ITPKA,ITPKA,False,P23677
12,NCOR2,SMRT,True,Q9Y618
,KCNJ11,Kir6.2,,Q14654
8,FBXO43,FBX43,True,Q4G163
16,RRAD,RRAD,True,P55042
10,ITGB1,ITGB1,True,P05556
,TH,TH iso4,,P07101-4
4,RCHY1,RCHY1,True,Q96PM5
17,TCAP,Telethonin,False,O15273
1,STMN1,STMN1,True,P16949
11,SLN,sarcolipin,True,O00631
11,ETS1,Ets-1,True,P14921
11,TH,TH,True,P07101
2,SPR,SPR,False,P35270
5,SLC1A3,SLC1A3,False,P43003
6,OPRM1,MOR-1,False,P35372
5,KIF3A,KIF3A,True,Q9Y496
12,CDKN1B,p27Kip1,False,P46527
6,SRF,SRF,False,P11831
11,DAGLA,NSDDR,False,Q9Y4D2
7,CARD11,CARD11,True,Q9BXL7
1,RYR2,RYR2,False,Q92736
10,VIM,Vimentin,False,P08670
11,PLCB3,PLCB3,False,Q01970
2,ITGB1BP1,ICAP1,True,O14713
15,NOX5,NOX5 iso4,False,Q96PH1-4
17,SLC6A4,SERT,True,P31645
X,FLNA,FLNA,True,P21333
11,CD44,CD44,False,P16070
20,,Kv7.2 iso4,True,O43526-4
12,ESPL1,separase,False,Q14674
16,CACNA1H,CACNA1H,False,O95180
11,TH,TH iso3,True,P07101-3
17,DLG4,PSD-95,True,P78352
2,GFPT1,GFAT,True,Q06210
17,BECN1,beclin 1,True,Q14457
18,DLGAP1,SAPAP1 iso2,True,O14490-2
12,GRIN2B,NMDAR2B,True,Q13224
5,GRIA1,GluR1,False,P42261
10,ALOX5,5-LO,False,P09917
6,GLO1,GLO1,True,Q04760
4,SNCA,SNCA,True,P37840
20,ID1,ID1,False,P41134
17,MAPT,Tau iso8,False,P10636-8
19,NR1H2,LXR-beta,False,P55055
4,CLCN3,CLCN3,False,P51790
8,HSF1,HSF1,False,Q00613
6,PLN,PLB,False,P26678
9,DDX58,DDX58,True,O95786
12,DDIT3,DDIT3,True,P35638
3,MME,CD10,False,P08473
10,PTEN,PTEN,False,P60484
3,PPP1R2,PPP1R2,True,P41236
7,CAV2,caveolin-2,False,P51636
2,SPTBN1,SPTBN1,False,Q01082
1,FAF1,FAF1,True,Q9UNN5
17,MYH10,MYH10,True,P35580
2,ZC3H8,ZC3H8,True,Q8N5P1
17,CDC27,CDC27,True,P30260
5,OCLN,occludin,False,Q16625
1,TARDBP,TDP-43,False,Q13148
X,L1CAM,NCAM-L1,True,P32004
,XRCC1,XRCC1,,P18887
2,GRB14,GRB14,True,Q14449
17,CBX1,CBX1,True,P83916
18,MAPRE2,RP1,False,Q15555
6,ESR1,ER-alpha,False,P03372
5,TCOF1,treacle,False,Q13428
1,ECE1,ECE1 iso3,True,P42892-3
17,VTN,VTN,True,P04004
16,RNPS1,RNPS1,True,Q15287
5,CTNNA1,CTNNA1,False,P35221
14,YY1,YY1,False,P25490
X,WAS,WASP,False,P42768
16,NOL3,ARC,False,O60936
2,DNAJB2,DNAJB2,False,P25686
12,CERS5,LASS5,True,Q8N5B7
14,EIF5,EIF5,False,P55010
13,SLITRK1,SLITRK1,True,Q96PX8
21,HMGN1,HMGN1,True,P05114
11,PACS1,PACS-1,False,Q6VY07
3,PLD1,PLD1,True,Q13393
11,MRE11,MRE11A,True,P49959
4,NR3C2,MCR,True,P08235
1,JUN,Jun,True,P05412
12,ATF1,ATF-1,False,P18846
11,OTUB1,OTUB1,False,Q96FW1
1,MRTO4,MRTO4,False,Q9UKD2
9,TLE1,TLE1,True,Q04724
10,BMI1,BMI1,False,P35226
1,WASF2,WAVE2,True,Q9Y6W5
,AIP,AIP,,O00170
1,CASQ2,calsequestrin 2,True,O14958
2,NCAPH,NCAPH,False,Q15003
CHR_HG1_PATCH,TINF2,TINF2,True,Q9BSI4
17,HOXB7,HOXB7,True,P09629
14,GMFB,GMF-beta,True,P60983
11,SLC3A2,SLC3A2,False,P08195
X,FMR1,FMR1,False,Q06787
19,CERS4,LASS4,False,Q9HA82
6,MDC1,MDC1,True,Q14676
11,CD5,CD5,False,P06127
19,APOE,APOE,False,P02649
9,PDCL,PhLP,True,Q13371
6,HSPA1B,HSP70,False,P0DMV8
2,CERS6,LASS6,False,Q6ZMG9
19,CALM3,Calmodulin,False,P0DP23
11,SSRP1,SSRP1,True,Q08945
10,HHEX,HHEX,False,Q03014
15,IL16,IL16,False,Q14005
6,DAXX,DAXX,True,Q9UER7
16,SLC9A5,NHE5,False,Q14940
1,PSEN2,PSEN2,False,P49810
X,SHOX,SHOX,False,O15266
3,IP6K2,IHPK2,True,Q9UHH9
14,NFKBIA,IkB-alpha,True,P25963
17,ARRB2,ARRB2,False,P32121
20,TOP1,TOP1,False,P11387
15,PIAS1,PIAS1,False,O75925
17,MYH2,MYH2,True,Q9UKX2
10,SIRT1,SIRT1,False,Q96EB6
X,SAT1,SAT,False,P21673
17,TOP2A,TOP2A,True,P11388
7,IGFBP1,IGFBP1,False,P08833
14,ATXN3,ataxin-3,True,P54252
7,IGFBP3,IGFBP3,True,P17936
10,SMC3,SMC3,False,Q9UQE7
2,SSB,SSB,False,P05455
6,MYB,Myb,False,P10242
22,BIK,BIK,False,Q13323
2,CREB1,CREB,False,P16220
18,CTDP1,CTDP1,False,Q9Y5B0
22,MYH9,MYH9,True,P35579
16,TELO2,TELO2,False,Q9Y4R8
16,RRN3,TIF1A,False,Q9NYV6
14,ATXN3,ataxin-3 iso1,True,P54252-1
12,PAWR,PAR-4,True,Q96IZ0
12,MDM2,MDM2,False,Q00987
11,STARD10,STARD10,True,Q9Y365
8,TERF1,TRF1,False,P54274
2,NPHP1,NPHP1,True,O15259
6,HSP90AB1,HSP90B,False,P08238
18,MYL12B,MRLC2,False,O14950
17,ACE,ACE,False,P12821
3,MCM2,MCM2,False,P49736
19,CDC34,CDC34,False,P49427
19,BCAM,Lu,False,P50895
6,ABCF1,ABCF1,False,Q8NE71
11,CD6,CD6,False,P30203
14,HSP90AA1,HSP90A,True,P07900
15,EIF3J,eIF3-alpha,False,O75822
17,BRCA1,BRCA1,True,P38398
5,CCNH,CCNH,True,P51946
X,DLG3,DLG3 iso2,False,Q92796-2
16,TUBB3,TUBB3,False,Q13509
11,RELA,NFkB-p65,True,Q04206
10,ECD,SGT1,True,O95905
15,ANP32A,ANP32A,True,P39687
9,NOTCH1,Notch 1,True,P46531
19,GADD45GIP1,GADD45GIP1,True,Q8TAE8
6,IGF2R,IGF2R,False,P11717
2,ERCC3,XPB,True,P19447
13,FGF14,FGF14,True,Q92915
1,IFI16,IFI16,False,Q16666
2,PDIA6,PDIA6,True,Q15084
,C1R,C1R,,P00736
4,LEF1,LEF-1,True,Q9UJU2
12,CLIP1,Restin,True,P30622
20,EIF2S2,eIF2-beta,True,P20042
9,UBE2R2,UBC3B,False,Q712K3
8,EEF1D,EEF1D,True,P29692
7,AMPH,amphiphysin,True,P49418
16,ABCC1,ABCC1,False,P33527
7,CFTR,CFTR,False,P13569
9,ABCA1,ABCA1,True,O95477
15,FURIN,FURIN,False,P09958
X,CETN2,CETN2,True,P41208
,CALU,CALU iso15,,O43852-15
8,MYC,Myc,False,P01106
12,NR4A1,Nur77,False,P22736
3,RNF7,RNF7,False,Q9UBF6
5,UIMC1,RAP80,True,Q96RL1
3,XPC,XPC,True,Q01831
8,CEBPD,C/EBP-delta,True,P49716
2,TFPI,TFPI,True,P10646
7,TWIST1,TWIST1,True,Q15672
7,STX1A,STX1A,True,Q16623
11,RAD9A,RAD9A,False,Q99638
2,HES6,HES6,True,Q96HZ4
12,CORO1C,coronin 1C,True,Q9ULV4
9,ANP32B,ANP32B,False,Q92688
3,VHL,VHL,False,P40337
10,PIP4K2A,PIP4K2A,True,P48426
8,MYBL1,A-Myb,True,P10243
4,EXOSC9,EXOSC9,False,Q06265
14,DPF3,DPF3 iso2,True,Q92784-2
16,MAZ,MAZ,False,P56270
,MEF2A,MEF2A,,Q02078
4,NCAPG,NCAPG,False,Q9BPX3
15,RAD51,RAD51,False,Q06609
1,NASP,NASP iso2,False,P49321-2
2,PAX3,PAX3,True,P23760
5,CAST,calpastatin,False,P20810
3,HCLS1,HS1,True,P14317
19,NFKBIB,IkB-beta,False,Q15653
17,TNFAIP1,TNFAIP1,False,Q13829
22,GGA1,GGA1,False,Q9UJY5
5,XRCC4,XRCC4,False,Q13426
5,HDAC3,HDAC3,True,O15379
19,CDC37,CDC37,True,Q16543
2,SEPT2,SEPT2,False,Q15019
20,CDC25B,CDC25B,False,P30305
10,COL17A1,COL17A1,True,Q9UMD9
1,KDM1A,LSD1,False,O60341
14,MAX,MAX,True,P61244
8,NCOA2,SRC-2,True,Q15596
15,PML,PML,False,P29590
11,EIF4G2,EIF4G2,True,P78344
6,HDAC2,HDAC2,True,Q92769
4,SLBP,SLBP,True,Q14493
17,NCOR1,N-CoR1,True,O75376
7,CASP2,CASP2,False,P42575
20,SNAI1,Snail1,False,O95863
12,MYF5,Myf-5,False,P13349
11,MUS81,MUS81,False,Q96NY9
17,SERPINF1,PEDF,False,P36955
11,BRMS1,BRMS1,True,Q9HCU9
2,MYCN,N-Myc,False,P04198
3,MECOM,EVI1,True,Q03112
X,PIN4,PIN4,False,Q9Y237
6,EHMT2,EHMT2,True,Q96KQ7
8,EIF4EBP1,4E-BP1,False,Q13541
22,RANGAP1,RANGAP1,True,P46060
16,CCNF,CCNF,False,P41002
1,ARNT,ARNT,True,P27540
18,TYMS,TYMS,False,P04818
1,PRPF3,PRPF3,False,O43395
5,STC2,STC2,True,O76061
5,RAD1,RAD1,True,O60671
19,KIR3DL1,KIR3DL1,False,P43629
4,FGA,FGA,True,P02671
,BIRC5,Survivin,,O15392
19,GPI,G6PI,False,P06744
14,GCH1,GCH1,True,P30793
X,HDAC6,HDAC6,False,Q9UBN7
Y,TSPY1,TSPY1,False,Q01534
4,PKD2,PKD2,False,Q13563
5,CDC25C,CDC25C,True,P30307
1,HDAC1,HDAC1,False,Q13547
5,G3BP1,G3BP-1,False,Q13283
12,PTGES3,TEBP,True,Q15185
12,HNRNPA1,hnRNP A1,False,P09651
1,CAPZA1,CAPZA1,False,P52907
14,HNRNPC,hnRNP C1/C2,True,P07910
16,USP7,USP7,True,Q93009
20,TTI1,TTI1,True,O43156
9,SET,SET iso2,False,Q01105-2
12,VDR,VDR,True,P11473
18,CETN1,CETN1,False,Q12798
19,FOSB,FosB,False,P53539
11,PGR,PR,True,P06401
19,PDCD5,PDCD5,False,O14737
1,F5,factor V,True,P12259
19,LIG1,LIG1,True,P18858
20,MYBL2,B-Myb,False,P10244
6,TFAP2A,AP-2 alpha,True,P05549
20,RGS19,RGS19,True,P49795
11,NR1H3,LXR-alpha,False,Q13133
3,EIF4G1,eIF4G iso8,False,Q04637-8
5,PIK3R1,PIK3R1,False,P27986
6,GMNN,Geminin,False,O75496
4,CRMP1,CRMP-1,True,Q14194
19,WDR62,WDR62,False,O43379
7,ARPC1B,ARPC1B,False,O15143
11,NUMA1,NuMA-1,True,Q14980
12,MCRS1,MCRS1,True,Q96EZ8
2,DCTN1,dynactin 1,True,Q14203
1,RUNX3,AML2,True,Q13761
11,YAP1,YAP1,False,P46937
1,ARHGEF2,ARHGEF2,True,Q92974
1,SKI,SKI,False,P12755
17,MYBBP1A,MYBBP1A,True,Q9BQG0
12,PHLDA1,PHLDA1,True,Q8WV24
13,CENPJ,CENPJ,True,Q9HC77
10,PARD3,PAR3-alpha,True,Q8TEW0
12,NEDD1,NEDD1,False,Q8NHV4
14,DLGAP5,DLG7,True,Q15398
11,FADD,FADD,False,Q13158
1,TP73,p73,False,O15350
18,NDC80,HEC1,False,O14777
19,MBD3,MBD3,True,O95983
4,MAP9,MAP9,True,Q49MG5
13,KCTD12,KCTD12,True,Q96CX2
2,BCL2L11,BIM,False,O43521
6,NEDD9,Cas-L,True,Q14511
20,TPX2,TPX2,False,Q9ULW0
2,MAPRE3,EB3,False,Q9UPY8
19,PIN1,PIN1,False,Q13526
5,WWC1,KIBRA,False,Q8IX03
X,AR,AR,False,P10275
4,TIFA,TIFA,True,Q96CG3
16,FANCA,FANCA,True,O15360
15,NUSAP1,NUSAP1,False,Q9BXS6
2,CENPA,CENPA,False,P49450
3,RASSF1,RASSF1 iso2,True,Q9NS23-2
7,RALA,RALA,False,P11233
4,TACC3,TACC3,False,Q9Y6A5
12,RARG,RARG,True,P13631
11,INCENP,INCENP,False,Q9NQS7
9,CDC26,CDC26,True,Q8NHZ8
11,YAP1,YAP1 iso2,False,P46937-2
15,KIF23,KIF23,False,Q02241
X,AMOT,AMOT,True,Q4VCS5
3,WWTR1,TAZ,True,Q9GZV5
22,THOC5,FMIP,True,Q13769
19,SUPT5H,SPT5,False,O00267
,POLR2A,POLR2A,,P24928
17,RARA,RARA,False,P10276
20,XRN2,XRN2,False,Q9H0D6
20,E2F1,E2F1,True,Q01094
4,SMAD1,SMAD1,False,Q15797
10,PCGF6,MBLR,True,Q9BYE7
9,NR5A1,STF-1,True,Q13285
12,RAB3IP,RAB3IP,False,Q96QF0
2,ATG9A,ATG9A,True,Q7Z3C6
10,NET1,NET1,False,Q7Z628
1,FH,fumarase,True,P07954
11,AMOTL1,AMOTL1,False,Q8IY63
2,SNX17,SNX17,False,Q15036
2,GFPT1,GFAT iso2,True,Q06210-2
7,NOS3,eNOS,False,P29474
19,VASP,VASP,False,P50552
17,ACACA,ACC1,True,Q13085
10,PPP1R3C,PPP1R3C,True,Q9UQK1
5,RACK1,RACK1,True,P63244
6,EPM2A,laforin,True,O95278
11,KLC2,KLC2,False,Q9H0B6
17,KPNA2,KPNA2,False,P52292
1,PFKFB2,PFKFB2,False,O60825
6,FOXO3,FOXO3A,False,O43524
12,GLI1,GLI1,False,P08151
X,RBBP7,RBBP7,True,Q16576
X,PRPS2,PRPS2,False,P11908
19,PPP1R12C,PPP1R12C,True,Q9BZL4
4,PAQR3,PAQR3,True,Q6TCH7
10,GBF1,GBF1,False,Q92538
X,PRPS1,PRPS1,False,P60891
17,RPTOR,Raptor,False,Q8N122
15,SLC12A1,NKCC2,False,Q13621
14,PPP2R5C,PPP2R5C,False,Q13362
20,HNF4A,HNF4 alpha,False,P41235
16,USP10,USP10,False,Q14694
X,KIF4A,KIF4A,False,O95239
1,ZNF692,ZNF692,True,Q9BU19
19,LIPE,HSL,True,Q05469
7,EZH2,EZH2,True,Q15910
,SREBF1,SREBP-1 iso3,,P36956-3
4,TBC1D1,TBC1D1,False,Q86TI0
1,TXNIP,TXNIP,True,Q9H3M7
14,KLC1,KLC1,False,Q07866
19,DNMT1,DNMT1 iso2,True,P26358-2
10,PFKFB3,PFKFB3,False,Q16875
,CGN,CGN,,Q9P2M7
19,SIRT2,SIRT2,True,Q8IXJ6
1,POU2F1,Oct1,False,P14859
4,CTBP1,CTBP1,True,Q13363
,HAT1,HAT1,,O14929
13,FOXO1,FOXO1A,True,Q12778
20,ACSS2,ACSS2,False,Q9NR19
12,ACACB,ACC2,False,O00763
19,HNRNPL,hnRNP L,True,P14866
12,PHB2,BAP37,True,Q99623
5,CAMK2A,CAMK2A iso2,True,Q9UQM7-2
1,PARP1,PARP1,True,P09874
5,DUSP1,DUSP1,True,P28562
8,HAS2,HAS2,True,Q92819
17,BAIAP2,IRSp53,False,Q9UQB8
2,PER2,PER2,True,O15055
19,TRPM4,TRPM4,False,Q8TD43
20,NCOA3,SRC-3,False,Q9Y6Q9
17,DVL2,DVL2,True,O14641
12,LRP6,LRP6,True,O75581
14,TRAF3,TRAF3,False,Q13114
5,APC,APC,False,P25054
11,CTNND1,CTNND1,False,O60716
6,GCM1,GCM1,True,Q9NP62
1,EIF4G3,EIF4G3,True,O43432
20,MYL9,MRLC1,False,P24844
19,RPS19,RPS19,False,P39019
7,HDAC9,HDAC9,False,Q9UKV0
17,GRB2,GRB2,True,P62993
12,RAD52,RAD52,True,P43351
22,CRKL,CRKL,False,P46109
3,RHOA,RHOA,True,P61586
7,CHCHD2,CHCHD2,True,Q9Y6H1
19,NPHS1,NPHS1,True,O60500
17,WBP2,WBP2,True,Q969T9
8,DPYSL2,CRMP-2,False,Q16555
2,PELI1,PELI1,True,Q96FA3
10,OPTN,optineurin,False,Q96CV9
17,SMCR8,SMCR8,False,Q8TEV9
19,IRF3,IRF3,True,Q14653
11,IRF7,IRF7,True,Q92985
1,SIKE1,SIKE,True,Q9BRV8
12,STAT6,STAT6,True,P42226
9,STX17,STX17,False,P56962
7,IRF5,IRF5,False,Q13568
CHR_HG1395_PATCH,TMEM173,STING,True,Q86WV6
17,GIT1,GIT1,True,Q9Y2X7
17,TRPV1,TRPV1,True,Q8NER1
22,PPARA,PPAR-alpha,False,Q07869
2,ATF2,ATF-2,True,P15336
12,PTPN11,SHP-2,False,Q06124
7,TRPV6,TRPV6,True,Q9H1D0
5,LMNB1,Lamin B1,False,P20700
1,SYT6,SYT6,True,Q5T7P8
15,RAB11A,RAB11A,False,P62491
16,FUS,hnRNP P2,False,P35637
3,GHRL,ghrelin,True,Q9UBU3
17,SLC4A1,SLC4A1,True,P02730
,FCGR2C,FCGR2C,,P31995
1,LAX1,LAX1,False,Q8IWV1
20,PLCG1,PLCG1,False,P19174
10,BLNK,BLNK,True,Q8WV28
16,PLCG2,PLCG2,False,P16885
1,FCGR2A,FCGR2A,False,P12318
7,IKZF1,Ikaros,False,Q13422
7,LAT2,LAB,False,Q9GZY6
12,ARHGDIB,RhoGDI beta,True,P52566
17,STAT5A,STAT5A,False,P42229
11,CBL,CBL,False,P22681
17,DUSP3,DUSP3,True,P51452
3,GCSAM,GCET2,True,Q8N6F7
17,MAPT,Tau,False,P10636
,RHBG,RHBG iso6,,F8W6Q8
5,LCP2,SLP76,True,Q13094
9,PIP5K1B,PIP5K1B,False,O14986
4,SLC4A4,SLC4A4,False,Q9Y6R1
5,SLC12A2,NKCC1,False,P55011
20,SLC12A5,KCC2,False,Q9H2X9
5,SLC12A7,KCC4,True,Q9Y666
15,SLC12A6,KCC3,True,Q9UHW9
16,SLC12A4,KCC1,True,Q9UP95
16,SLC12A3,NCCT,False,P55017
14,PELI2,PELI2,False,Q9HAT8
11,LRRC4C,LRRC4C,True,Q9HCJ2
6,SOD2,SOD2,True,P04179
12,ATF7,ATF7,True,P17544
19,GYS1,GYS1,True,P13807
22,EWSR1,EWS,False,Q01844
6,CCND3,CCND3,True,P30281
5,NR3C1,GR,True,P04150
7,ZNF746,PARIS,True,Q6NUN9
4,LETM1,LETM1,True,O95202
,UBA52-RPS27A-UBB-UBC,ubiquitin,,P62988
17,RHOT1,RHOT1,False,Q8IXI2
6,PRKN,PARK2,True,O60260
8,KLF10,KLF10,True,Q13118
11,BAD,BAD,True,Q92934
20,EEF1A2,EEF1A2,True,Q05639
12,PPP1R12A,MYPT1,True,O14974
11,EIF3F,eIF3-epsilon,False,O00303
5,HNRNPA0,hnRNP A0,True,Q13151
7,HSPB1,HSP27,False,P04792
1,RCSD1,CapZIP,False,Q6JBY9
22,MKL1,MKL1,True,Q969V6
8,YWHAZ,14-3-3 zeta,True,P63104
8,AGO2,AGO2,True,Q9UKV8
6,BAG2,BAG2,False,O95816
11,RBM7,RBM7,False,Q9Y580
12,KRT18,K18,False,P05783
6,NELFE,RDBP,True,P18615
14,ZFP36L1,BRF1,True,Q07352
2,RTN4,Nogo iso2,True,Q9NQC3-2
17,CEP131,CEP131,True,Q9UPN4
1,ARPC5,ARPC5,True,O15511
11,TRIM29,TRIM29,True,Q14134
16,PARN,PARN,True,O95453
17,DDX5,DDX5,True,P17844
11,TH,TH iso2,True,P07101-2
3,DAZL,DAZL,True,Q92904
19,TRIM28,TIF1B,False,Q13263
11,LSP1,LSP1,False,P33241
17,AATF,AATF,False,Q9NY61
20,BCL2L1,Bcl-xL,True,Q07817
16,TSC2,TSC2,False,P49815
17,KRT20,K20,True,P35900
11,RDX,Radixin,True,P35241
6,EZR,Ezrin,True,P15311
1,PTPN7,HePTP,True,P35236
2,CCDC88A,girdin,True,Q3V6T2
15,RASGRP1,RASGRP1,True,O95267
12,KRAS,KRas iso2,True,P01116-2
X,MSN,Moesin,False,P26038
2,WIPF1,WIPF1,True,O43516
4,RAPGEF2,RAPGEF2,False,Q9Y4G8
3,CBLB,Cbl-b,True,Q13191
9,HABP4,HABP4,False,Q5JVS0
19,ICAM3,ICAM3,True,P32942
X,ARHGEF6,ARHGEF6,True,Q15052
17,NGFR,NGFR,False,P08138
11,CTR9,SH2BP1,False,Q6PD62
1,LAMC1,LAMC1,False,P11047
16,DDX19A,DDX19A,False,Q9NUU7
7,HNRNPA2B1,hnRNP A2/B1,True,P22626
17,RPL19,RPL19,False,P84098
1,YBX1,YB-1,False,P67809
15,TICRR,TICRR,False,Q7Z2Z1
14,BAZ1A,BAZ1A,True,Q9NRL2
15,BLM,BLM,False,P54132
6,E2F3,E2F3,False,O00716
2,TRIP12,TRIP12,True,Q14669
1,EPRS,EPRS,True,P07814
3,SETMAR,SETMAR,False,Q53H47
22,PRR5,PROTOR1,False,P85299
2,E2F6,E2F6,True,O75461
16,GTF3C1,GTF3C1,True,Q12789
13,RBM26,RBM26,True,Q5T8P6
12,YBX3,CSDA,True,P16989
14,INF2,INF2,False,Q27J81
3,CDC25A,CDC25A,True,P30304
10,MKI67,KI-67,True,P46013
13,TFDP1,TFDP1,False,Q14186
1,ERRFI1,MIG-6,True,Q9UJM3
3,FANCD2,FANCD2,False,Q9BXW9
20,RALY,RALY,False,Q9UKM9
15,TP53BP1,53BP1,True,Q12888
2,ZNF638,ZNF638,False,Q14966
12,SCAF11,SFRS2IP,True,Q99590
16,SRRM2,SRm300,False,Q9UQ35
8,CHD7,CHD-7,False,Q9P2D1
3,GOLGA4,GOLGA4,False,Q13439
10,ADD3,ADD3,False,Q9UEY8
6,KIFC1,KIFC1,False,Q9BW19
,SEPT7,SEPT7,,Q16181
5,MATR3,matrin 3,False,P43243
22,MCM5,MCM5,False,P33992
1,SPEN,SHARP,False,Q96T58
2,RIF1,RIF1,False,Q5UIP0
17,CWC25,CCDC49,True,Q9NXE8
11,RBM14,RBM14,False,Q96PK6
10,IDI1,IDI1,True,Q13907
9,CAAP1,CAAP1,True,Q9H8G2
,PRRC2C,PRRC2C,,Q9Y520
9,PHF2,PHF2,False,O75151
5,SNCB,SNCB,True,Q16143
19,HNRNPM,hnRNP M,False,P52272
17,MED1,MED1,True,Q15648
10,CCDC6,CCDC6,True,Q16204
17,YBX2,YBX2,True,Q9Y2T7
,WIZ,WIZ,,O95785
7,ZC3HC1,NIPA,True,Q86WB0
6,NUP153,NUP153,True,P49790
15,SLTM,SLTM,True,Q9NWH9
X,OGT,OGT,False,O15294
7,SSBP1,SSBP1,False,Q04837
6,MCM3,MCM3,True,P25205
19,POP4,POP4,False,O95707
2,ADD2,ADD2,True,P35612
,RAVER1,RAVER1 iso2,,Q8IY67-2
18,ANKRD12,ANKRD12 iso2,False,Q6UB98-2
8,ZNF395,ZNF395,True,Q9H8N7
22,XRCC6,Ku70,False,P12956
4,MAD2L1,MAD2L1,True,Q13257
13,MYCBP2,MYCBP2,True,O75592
11,BUD13,BUD13,True,Q9BRD0
13,TBC1D4,AS160,True,O60343
14,DDX24,DDX24,True,Q9GZR7
19,RBM42,RBM42,False,Q9BTD8
11,FEN1,FEN1,False,P39748
1,EBNA1BP2,EBNA1BP2,True,Q99848
2,RANBP2,RANBP2,False,P49792
3,SENP2,SENP2,False,Q9HC62
1,CAMSAP2,CAMSAP1L1,False,Q08AD1
1,CHTOP,CHTOP,False,Q9Y3Y2
9,PRRC2B,BAT2L,False,Q5JSZ5
1,LMNA,lamin A/C,False,P02545
1,MDM4,MDM4,False,O15151
3,ZBTB11,ZBTB11,True,O95625
X,PHF8,PHF8,True,Q9UPP1
12,RACGAP1,MgcRacGAP,True,Q9H0H5
16,DDX19B,DDX19B,False,Q9UMR2
11,PPME1,PPME1,False,Q9Y570
17,H3F3A,H3F3A,True,P84243
3,MAP4,MAP4,True,P27816
13,ING1,ING1 iso2,False,Q9UK53-2
,HDLBP,vigilin,,Q00341
10,PROSER2,PROSER2,False,Q86WR7
,NHS,NHS,,Q6T4R5
10,RRP12,RRP12,True,Q5JTH9
1,CLSPN,claspin,True,Q9HAW4
6,PPP2R5D,PPP2R5D,False,Q14738
17,DRG2,DRG2,False,P55039
4,PLRG1,PLRG1,True,O43660
,HIVEP1,HIVEP1,,P15822
17,NCBP3,ELG,True,Q53F19
6,FANCE,FANCE,False,Q9HB96
3,FYTTD1,FYTTD1,False,Q96QD9
22,POLDIP3,SKAR,True,Q9BY77
16,RPL13,RPL13,False,P26373
3,KPNA1,KPNA1,True,P52294
13,RB1,Rb,False,P06400
4,NFKB1,NFkB-p105,False,P19838
3,OSBPL11,OSBPL11,True,Q9BXB4
15,SIN3A,SIN3A,True,Q96ST3
11,EML3,EML3,True,Q32P44
,CEP170B,CEP170B,,Q9Y4F5
,LMO7,LMO7,,Q8WWI1
7,CUX1,CUTL1,False,P39880
14,HIF1A,HIF1A,False,Q16665
12,RAP1B,RAP1B,False,P61224
2,MAP2,MAP2,False,P11137
11,TPH1,TPH1,True,P17752
22,SEC14L2,SEC14L2,False,O76054
,CIITA,CIITA,,P33076
8,FAM160B2,FAM160B2,False,Q86V87
18,NEDD4L,NEDD4L,False,Q96PU5
11,CUL5,CUL5,False,Q93034
15,UBE3A,UBE3A iso2,True,Q05086-2
7,GLI3,GLI3,True,P10071
12,PTPN11,SHP-2 iso2,False,Q06124-2
,CACNA1C,CACNA1C,,Q13936
12,ASIC1,ASIC1 iso1,False,P78348-1
1,DISC1,DISC1,False,Q9NRI5
1,CASP9,CASP9,True,P55211
19,KDELR1,KDELR1,True,P24390
,NOXA1,NOXA1,,Q86UR1
11,MYBPC3,MYBPC3,True,Q14896
CHR_HG76_PATCH,GATA4,GATA4,True,P43694
7,PPP1R9A,neurabin 1,False,Q9ULJ8
7,CHCHD3,CHCHD3,True,Q9NX63
10,CTBP2,CTBP2,True,P56545
7,CYP3A4,CYP3A4,True,P08684
14,DACT1,DACT1,False,Q9NYF0
12,LRP1,LRP1,False,Q07954
7,KCND2,Kv4.2,False,Q9NZV8
7,PRKAR2B,PKAR2B,False,P31323
17,CRHR1,CRF-R1 iso2,False,P34998-2
15,RASGRF1,RASGRF1,True,Q13972
19,FXYD1,PLM,False,O00168
3,SCN5A,SCN5A,True,Q14524
12,SLC8B1,SLC24A6,True,Q6J4K2
11,CCND1,CCND1,False,P24385
15,DUOX1,DUOX1,False,Q9NRD9
9,USP20,USP20,False,Q9Y2K6
5,ADRB2,ADRB2,False,P07550
7,KCNH2,Kv11.1,True,Q12809
19,PDE4A,PDE4A,False,P27815
7,ABCB1,ABCB1,True,P08183
X,HDAC8,HDAC8,True,Q9BY41
11,CAPN1,CAPN1,False,P07384
11,PHOX2A,PHOX2A,True,O14813
17,GFAP,GFAP,True,P14136
7,ETV1,ETV1,True,P50549
11,STIM1,STIM1,False,Q13586
6,POU5F1,Oct4,True,Q01860
X,TRPC5,TRPC5,True,Q9UL62
5,KCNN2,KCNN2,False,Q9H2S1
3,APPL1,APPL,False,Q9UKG1
2,DES,desmin,False,P17661
22,CHKB,CHKB,True,Q9Y259
2,DTNB,DTNB,True,O60941
11,KCNJ5,GIRK4,False,P48544
5,PDE4D,PDE4D iso2,True,Q08499-2
2,TRPM8,TRPM8,False,Q7Z2W7
10,PKD2L1,PKD2L1,True,Q9P0L9
19,TBXA2R,TXA2-R iso2,True,P21731-2
12,PAH,PAH,True,P00439
16,NDE1,NUDE1,False,Q9NXR1
5,PDE4D,PDE4D iso7,True,Q08499-7
X,EMD,emerin,False,P50402
11,PDE3B,PDE3B,False,Q13370
1,CTPS1,CTPS,False,P17812
18,NFATC1,NFAT2,False,O95644
1,RGS18,RGS18,False,Q9NS28
12,AICDA,AID,True,Q9GZX7
1,PDE4B,PDE4B,False,Q07343
,WT1,WT1,,P19544
12,HSPB8,HSPB8,False,Q9UJY1
12,PDE3A,PDE3A,False,Q14432
8,TRPA1,TRPA1,True,O75762
1,RGS13,RGS13,False,O14921
6,GSTA4,GSTA4,True,O15217
17,MAPT,Tau iso2,False,P10636-2
1,RAP1GAP,RAP1GAP,True,P47736
7,PTPN12,PTP-PEST,False,Q05209
8,DMTN,dematin,False,Q08495
,PPP1R1A,PPP1R1A,,Q13522
8,MYOM2,myomesin 2,False,P54296
6,PDE10A,PDE10A iso2,True,Q9Y233-2
17,PPP1R1B,DARPP-32,False,Q9UD71
19,KCNN4,KCNN4,True,O15554
17,LASP1,Lasp-1,False,Q14847
1,CAPN2,CAPN2,False,P17655
2,GAD1,GAD67,False,Q99259
17,SRSF1,SF2,True,Q07955
6,AKAP12,AKAP12,False,Q02952
5,PJA2,PJA2,True,O43164
1,NR5A2,NR5A2,False,O00482
5,TPPP,TPPP,True,O94811
17,RAP1GAP2,RAP1GAP2,False,Q684P5
19,UHRF1,UHRF1,False,Q96T88
10,TFAM,TFAM,False,Q00059
5,KLHL3,KLHL3,True,Q9UH77
2,KDM3A,JMJD1A,False,Q9Y4C1
X,GPKOW,GPKOW,True,Q92917
17,DLX3,DLX3,True,O60479
5,PDE4D,PDE4D iso6,True,Q08499-6
12,KCNA1,Kv1.1,False,Q09470
19,MCOLN1,mucolipin 1,False,Q9GZU1
17,PSMC5,RPT6,False,P62195
21,RCAN1,RCAN1 iso2,True,P53805-2
12,AQP2,AQP2,False,P41181
9,ANXA1,ANXA1,False,P04083
19,URI1,RMP,False,O94763
19,PDE4C,PDE4C iso2,True,Q08493-2
2,PPM1B,PPM1B,False,O75688
6,ATXN1,ataxin-1,True,P54253
2,CAD,CAD,False,P27708
6,POU3F2,Oct7,False,P20265
17,PSMD11,PSMD11,False,O00231
1,ATP5IF1,ATPIF1,False,Q9UII2
6,HLA-A,HLAA,False,P04439
,TRPV5,TRPV5,,Q9NQA5
1,RAP1A,RAP1A,False,P62834
1,ATP1A1,ATP1A1,False,P05023
2,PDE11A,PDE11A,True,Q9HCR9
8,ARFGEF1,ARFGEF1,True,Q9Y6D6
8,NDRG1,NDRG1,True,Q92597
20,CEBPB,C/EBP-beta,False,P17676
22,NF2,Merlin,False,P35240
1,TPR,TPR,True,P12270
5,IQGAP2,IQGAP2,False,Q13576
1,TAL1,TAL1,True,P17542
10,DOCK1,DOCK1,False,Q14185
20,DNAJC5,DNAJC5,False,Q9H3Z4
17,SOX9,SOX9,False,P48436
17,ARHGDIA,RhoGDI alpha,True,P52565
7,CLDN3,Claudin-3,True,O15551
22,SUN2,SUN2,True,Q9UH99
6,PPP1R14C,KEPI,False,Q8TAE6
11,EMSY,EMSY,False,Q7Z589
12,TPH2,TPH2,False,Q8IWU9
20,DYNLRB1,DYNLRB1,False,Q9NP97
19,PTBP1,hnRNP I,False,P26599
17,SRSF2,SFRS2,True,Q01130
17,GNA13,G-alpha 13,True,Q14344
2,ITGA4,ITGA4,False,P13612
6,GJA1,GJA1,False,P17302
15,AKAP13,AKAP13,False,Q12802
2,KCNJ13,KCNJ13,True,O60928
,ADRB1,ADRB1,,P08588
6,HIST1H1E,H1E,False,P10412
19,CDKN2D,CDKN2D,True,P55273
1,NLRP3,NLRP3,False,Q96P20
21,APP,APP,True,P05067
10,CYP17A1,CYP17A1,True,P05093
11,RASGRP2,RASGRP2,True,Q7LDG7
16,ARHGAP17,ARHGAP17,True,Q68EM7
4,HNRNPD,hnRNP D0,True,Q14103
10,RGS10,RGS10 iso1,True,O43665
6,DSP,Desmoplakin,False,P15924
19,TBXA2R,TXA2-R,True,P21731
20,MAP1LC3A,LC3A,False,Q9H492
1,TAGLN2,TAGLN2,True,P37802
7,MLXIPL,ChREBP,True,Q9NP71
16,PKD1,PKD1,True,P98161
5,NDUFS4,NDUFS4,False,O43181
17,ITGB4,ITGB4,False,P16144
1,SNAPIN,SNAPIN,False,O95295
8,PLEC,Plectin-1,True,Q15149
12,AQP5,AQP5,False,P55064
2,PPP1R1C,PPP1R1C,False,Q8WVI7
7,AKAP9,AKAP9,False,Q99996
11,POLD3,POLD3,False,Q15054
11,KCNA4,Kv1.4,True,P22459
22,APOBEC3G,APOBEC3G,False,Q9HC16
17,ACADVL,ACADVL,False,P49748
19,HSPB6,HSP20,True,O14558
9,RXRA,RXRA,False,P19793
8,KCNK9,KCNK9,True,Q9NPC2
X,AVPR2,AVPR2,False,P30518
2,KCNJ3,GIRK1,False,P48549
10,GATA3,GATA3,False,P23771
17,KCNJ2,KCNJ2,False,P63252
9,CA9,CA9,False,Q16790
11,DDB1,DDB1,True,Q16531
4,PDE5A,PDE5A,True,O76074
7,CBX3,CBX3,False,Q13185
10,SUFU,SUFU,False,Q9UMX1
2,IMMT,IMMT,True,Q16891
18,AQP4,AQP4,True,P55087
18,MC4R,MC4R,True,P32245
3,GPR15,GPR15,False,P49685
2,KCNK3,KCNK3,False,O14649
11,KCNQ1,Kv7.1,False,P51787
17,SREBF1,SREBP-1,True,P36956
3,ETV5,ERM,True,P41161
10,FRAT1,FRAT1,False,Q92837
1,MCL1,MCL1,True,Q07820
19,CEBPA,C/EBP-alpha,True,P49715
12,DUSP6,DUSP6,True,Q16828
10,DUSP5,DUSP5,False,Q16690
12,PXN,PXN iso2,True,P49023-2
7,CALD1,Caldesmon,False,Q05682
17,SPHK1,SPHK1,False,Q9NYA1
2,GORASP2,GRASP55,False,Q9H8Y8
,PALLD,palladin,,Q8WX93
17,TOB1,TOB1,True,P50616
18,BCL2,Bcl-2,True,P10415
20,PLCB1,PLCB1,False,Q9NQ66
6,RUNX2,AML3,False,Q13950
3,MITF,MITF iso9,False,O75030-9
11,MTMR2,MTMR2,True,Q13614
12,ETV6,Tel,False,P41212
X,ELK1,ELK1,True,P19419
19,LYL1,LYL1,True,P12980
12,SP1,SP1,False,P08047
16,LAT,LAT iso2,False,O43561-2
2,NCOA1,SRC-1,False,Q15788
19,CIC,capicua,False,Q96RK0
16,CREBBP,CBP,True,Q92793
21,RUNX1,AML1 iso8,True,Q01196-8
11,CDCA5,CDCA5,True,Q96FF9
22,XBP1,XBP1,True,P17861
10,ABI1,Abi-1,True,Q8IZP0
9,NUP214,NUP214,False,P35658
1,ARHGEF2,ARHGEF2 iso2,True,Q92974-2
3,RAB5A,RAB5A,False,P20339
15,PML,PML iso4,False,P29590-4
19,SPHK2,SPHK2,False,Q9NRA0
10,CREM,CREM,False,Q03060
CHR_HG1320_PATCH,MCRIP1,FAM195B,True,C9JLW8
11,ARRB1,ARRB1,True,P49407
7,GTF2I,GTF2I iso2,False,P78347-2
2,CASP8,CASP8,False,Q14790
22,SULT4A1,SULT4A1,True,Q9BR01
CHR_HG439_PATCH,MCTS1,MCTS1,False,Q9ULC4
12,PCBP2,hnRNP E2,False,Q15366
16,BANP,BANP,False,Q8N9N5
9,TAL2,TAL2,False,Q16559
7,RAC1,RAC1,False,P63000
16,KARS,KARS,True,Q15046
X,MED14,Trap170,True,O60244
6,MARCKS,MARCKS,False,P29966
12,LIMA1,eplin,True,Q9UHB6
14,ASB2,ASB2,True,Q96Q27
22,NUP50,NUP50,False,Q9UKX7
2,SP3,SP3,True,Q02447
17,MAFG,MAFG,True,O15525
22,IL2RB,IL2RB,True,P14784
5,LIFR,LIFR,True,P42702
11,RRAS2,RRas2,True,P62070
7,CALD1,Caldesmon iso4,False,Q05682-4
4,FBXW7,FBXW7,True,Q969H0
17,NOS2,iNOS,True,P35228
19,PIP5K1C,PIP5K1C,True,O60331
5,CANX,Calnexin,False,P27824
16,TRAP1,HSP75,True,Q12931
18,GATA6,GATA6,False,Q92908
6,RSPH3,RSHL2,True,Q86UC2
11,GAB2,GAB2,True,Q9UQC2
3,THRB,TR-beta1,True,P10828
19,RRAS,RRas,True,P10301
19,SYMPK,Symplekin,True,Q92797
16,SH2B1,SH2-B-beta,False,Q9NRF2
16,E2F4,E2F4,False,Q16254
17,TRPV3,TRPV3,True,Q8NET8
3,BCL6,Bcl-6,True,P41182
22,SREBF2,SREBP-2,False,Q12772
8,SORBS3,vinexin iso2,False,O60504-2
X,MAGEA11,MAGE-A11,False,P43364
CHR_HG1_PATCH,NFATC4,NFAT3,False,Q14934
18,MBP,MBP,True,P02686
17,EXOC7,EXOC7,True,Q9UPT5
7,DLD,DLD,False,P09622
6,SPDEF,SPDEF,True,O95238
6,ZNF322,ZNF322A,True,Q6U7Q0
4,DCK,DCK,False,P27707
2,EPAS1,HIF2A,False,Q99814
19,PPP5C,PPP5C,False,P53041
11,BACE1,BACE,True,P56817
8,MTSS1,MTSS1,True,O43312
4,EIF4E,EIF4E,True,P06730
X,PDHA1,PDHA1,False,P08559
4,PDHA2,PDHA2,False,P29803
2,ACTR2,ARP2,False,P61160
9,FBXW5,FBXW5,True,Q969U6
,PCM1,PCM-1,,Q15154
1,STIL,STIL,True,Q15468
16,CCP110,CP110,False,O43303
8,TACC1,TACC1,False,O75410
4,MAPK10,JNK3 iso2,True,P53779-2
22,DRG1,DRG1,False,Q9Y295
17,PRKAR1A,PKAR1A,False,P10644
10,CCNY,CBCP1,False,Q8ND76
19,BBC3,PUMA,True,Q9BXH1
3,PLXNB1,PLXNB1,True,O43157
1,DOCK7,DOCK7,True,Q96N67
11,LDHA,LDH-A,False,P00338
2,CASP8,CASP8 iso4,False,Q14790-4
9,SPTAN1,SPTAN1,False,Q13813
11,HRAS,HRas,True,P01112
1,THRAP3,Trap150,False,Q9Y2W1
9,GSN,Gelsolin,False,P06396
3,CDCP1,CDCP1,True,Q9H5V8
,SHC1,SHC1 iso3,,P29353-3
16,GRIN2A,NMDAR2A,True,Q12879
10,KIF11,KIF11,False,P52732
14,BDKRB2,BKR2,False,P30411
18,CDH2,CDH2,True,P19022
7,CAV1,caveolin-1,False,Q03135
11,CHKA,CHKA,True,P35790
1,SHC1,SHC1,True,P29353
4,GAB1,GAB1,False,Q13480
19,AKAP8,AKAP8,True,O43823
17,CCR7,CCR7,True,P32248
19,KHSRP,KHSRP,True,Q92945
12,ITGB7,ITGB7,True,P26010
1,SFPQ,PSF,True,P23246
7,GTF2I,GTF2I,False,P78347
3,LPP,LPP,False,Q93052
1,RGS16,RGS16,True,O15492
1,SH3GLB1,endophilin B1,False,Q9Y371
19,ZC3H4,ZC3H4,True,Q9UPT8
8,PAG1,PAG,True,Q9NWQ8
4,AFAP1,AFAP,True,Q8N556
7,GRB10,GRB10,True,Q13322
11,SF3B2,SF3B2,False,Q13435
6,BCLAF1,BCLAF1,True,Q9NYF8
7,TRIP6,TRIP6,False,Q15654
16,FHOD1,FHOD1,True,Q9Y613
4,UGT2B7,UGT2B7,False,P16662
6,FLOT1,FLOT1,True,O75955
X,G6PD,G6PD,True,P11413
20,MAPRE1,EB1,False,Q15691
16,CDH5,CDH5,False,P33151
7,ELMO1,ELMO1,True,Q92556
4,GLRB,GLRB,False,P48167
6,GRIK2,GluR6,False,Q13002
12,PTPN6,SHP-1,False,P29350
15,ANXA2,ANXA2,True,P07355
11,USP2,USP2,True,O75604
1,CD46,CD46 iso4,False,P15529-4
8,SDCBP,syntenin,False,O00560
19,CBLC,Cbl-c,False,Q9ULV8
4,TLR3,TLR3,False,O15455
3,TFG,TFG,False,Q92734
4,PROM1,CD133,True,O43490
17,PELP1,PELP1,True,Q8IZL8
7,SRRT,SRRT,False,Q9BXP5
15,RMDN3,FAM82A2,True,Q96TC7
9,ENG,ENG,True,P17813
10,HK1,HK1,False,P19367
19,STAP2,STAP2,True,Q9UGK3
1,FCRL3,FCRL3,True,Q96P31
X,FHL1,FHL1 iso1,False,Q13642-1
2,VIL1,Villin,False,P09327
3,PLSCR1,PLSCR1,True,O15162
6,HLA-B,HLAB,True,P01889
15,HCN4,HCN4,True,Q9Y3Q4
2,SLC11A1,SLC11A1,False,P49279
11,KCNJ1,ROMK,True,P48048
20,SDC4,syndecan-4,True,P31431
1,NRAS,NRas,True,P01111
3,NCKIPSD,NCKIPSD,True,Q9NZQ3
7,TNS3,tensin 3,True,Q68CZ2
6,FBXO5,FBX5,True,Q9UKT4
13,NDFIP2,NDFIP2,False,Q9NV92
,RBM10,RBM10 iso2,,P98175-2
,TRIP10,TRIP10 iso3,,Q15642-3
4,GUCY1B3,GUCY1B3,False,Q02153
1,CDC42,CDC42 iso1,False,P60953-1
19,SH3GL1,endophilin A2,True,Q99961
3,FHIT,FHIT,True,P49789
20,NELFCD,NELFCD iso4,False,Q8IXH7-4
1,CNN3,calponin 3,True,Q15417
9,FXN,FXN,False,Q16595
16,BCAR1,P130Cas,True,P56945
17,PFN1,profilin 1,True,P07737
14,FERMT2,kindlin-2,True,Q96AC1
1,FUBP1,FBP1,True,Q96AE4
1,MPZL1,PZR,False,O95297
20,CD93,CD93,True,Q9NPY3
17,ITGB3,ITGB3,False,P05106
19,PLEKHG2,PLEKHG2,False,Q9H7P9
6,SYNJ2,SYNJ2,False,O15056
17,STAT5B,STAT5B,True,P51692
9,RAPGEF1,RAPGEF1,True,Q13905
17,AP2B1,AP2B1,False,P63010
X,VAMP7,VAMP7,False,P51809
11,PTPRJ,PTPRJ,False,Q12913
5,MEGF10,MEGF10,False,Q96KG7
14,CCDC88C,Daple,True,Q9P219
18,NDUFV2,NDUFV2,False,P19404
2,HK2,HK2,False,P52789
12,DGKA,DGKA,False,P23743
15,CHRNA7,nAChRA7,False,P36544
2,SDC1,syndecan-1,True,P18827
1,VAV3,VAV3,True,Q9UKW4
,SHC3,SHC3 iso2,,Q92529-2
11,CFL1,Cofilin-1,True,P23528
21,PTTG1IP,PTTG1IP,True,P53801
5,SDHA,SDHA,False,P31040
5,TERT,TERT,True,O14746
13,SPRY2,SPRY2,True,O43597
5,PPP2CA,PPP2CA,True,P67775
16,CORO7,coronin 7,True,P57737
3,AGTR1,AT1,False,P30556
3,TFRC,TfR,True,P02786
8,SDC2,syndecan-2,False,P34741
6,WASF1,WAVE1,True,Q92558
1,KCNA3,Kv1.3,True,P22001
5,SH3PXD2B,SH3PXD2B,True,A1X283
19,CNN2,calponin 2,False,Q99439
1,CNKSR1,CNK1,False,Q969H4
17,CLTC,CLTC,False,Q00610
16,WWOX,WWOX,False,Q9NZC7
9,GRIN1,NMDAR1,False,Q05586
CHR_HG2002_PATCH,RHOU,RHOU,False,Q7L0Q8
17,RAB34,RAB34,True,Q9BZG1
9,ABL1,Abl iso2,False,P00519-2
17,JUP,CTNNG,True,P14923
16,ATXN2L,ataxin-2L,False,Q8WWM7
14,ARHGAP5,ARHGAP5,False,Q13017
12,PXN,PXN,True,P49023
4,FIP1L1,FIP1L1,False,Q6UN15
17,KRT19,K19,True,P08727
20,KCNB1,Kv2.1,True,Q14721
4,DAPP1,DAPP1,False,Q9UN19
15,CYP19A1,CYP19A1,True,P11511
1,KCND3,Kv4.3,True,Q9UK17
2,ARHGEF4,ARHGEF4 iso3,False,Q9NR80-3
14,MMP14,MMP14,False,P50281
1,HCRTR1,HCRTR1,False,O43613
4,SLC25A4,SLC25A4,False,P12235
X,IKBKG,IKKG,False,Q9Y6K9
,LIN9,LIN9,,Q5TKA1
12,TFCP2,TFCP2,True,Q12800
18,CABLES1,CABLES1,False,Q8TDN4
12,NACA,NACA,True,E9PAV3
17,COIL,coilin,True,P38432
6,HIST1H2AI,H2A.1,False,P0C0S8
3,NR1I2,PXR,False,O75469
11,BANF1,BAF,False,O75531
14,NUMB,NUMB,True,P49757
7,SMARCD3,SMARCD3,True,Q6STE5
1,ELF3,ELF3,False,P78545
2,NFE2L2,NRF2,True,Q16236
16,PARD6A,PARD6A,False,Q9NPB6
3,ECT2,ECT2,False,Q9H8V3
7,DBNL,DBNL,False,Q9UJU6
6,THEMIS,THEMIS,True,Q8N1K5
2,YWHAQ,14-3-3 theta,True,P27348
6,AFDN,Afadin,False,P55196
1,KIF14,KIF14,True,Q15058
3,TP63,p63,False,Q9H3D4
19,AKT1S1,PRAS40,True,Q96B36
21,IFNAR1,IFNAR1,False,P17181
14,SIVA1,Siva,False,O15304
16,TGFB1I1,Hic-5,False,O43294
12,TARBP2,TRBP,False,Q15633
5,RICTOR,RICTOR,True,Q6R327
11,ARAP1,CENTD2,True,Q96P48
9,FBP1,FBPase,True,P09467
14,SEC23A,SEC23A,True,Q15436
11,ATG13,ATG13,False,O75143
12,PFKM,PFKM,False,P08237
1,ENO1,ENO1,True,P06733
17,FLCN,FLCN,True,Q8NFG4
X,FUNDC1,FUNDC1,True,Q8IVP5
9,SEC16A,SEC16A,True,O15027
2,ATG4B,ATG4B,False,Q9Y4P1
8,DENND3,DENND3,False,A2RUS2
1,MFN2,MFN2,False,O95140
2,PTPN18,BDP1,False,Q99952
4,FGF2,FGF2 iso3,False,P09038-2
2,BARD1,BARD1,True,Q99728
2,NCL,NCL,True,P19338
,VGLL4,VGLL4 iso4,,Q14135-4
11,SIRT3,SIRT3,True,Q9NTG7
1,PRDX1,PRDX1,True,Q06830
,NCKAP5L,NCKAP5L,,Q9HCH0
20,PTPN1,PTP1B,False,P18031
17,SPAG5,SPAG5,True,Q96R06
13,PDS5B,APRIN,False,Q9NTI5
10,ARHGAP19,ARHGAP19,True,Q14CB8
3,CLASP2,CLASP2,True,O75122
10,NOLC1,NOLC1,False,Q14978
,EPB41,EPB41 iso2,,P11171-2
3,ITPR1,IP3R1,False,Q14643
19,EPN1,epsin 1,False,Q9Y6I3
X,ZMYM3,ZNF261,True,Q14202
2,ANAPC1,APC1,True,Q9H1A4
7,KMT2E,MLL5,False,Q8IZD2
3,TOP2B,TOP2B,True,Q02880
2,RGPD4,RGPD4,False,Q7Z3J3
17,NDEL1,NDEL1,False,Q9GZM8
6,HMGA1,HMGA1,False,P17096
5,HMGCS1,HMGCS1,True,Q01581
20,OGFR,OGFR,False,Q9NZT2
19,DNM2,DYN2,False,P50570
8,RECQL4,RECQL4,True,O94761
2,RGPD3,RGPD3,True,A6NKT7
11,PPP1CA,PPP1CA,True,P62136
18,RNMT,RNMT,False,O43148
11,NUP98,NUP98 iso2,True,P52948-2
2,NIFK,NIFK,True,Q9BYG3
16,UBE2I,UBC9,False,P63279
11,AHNAK,AHNAK,True,Q09666
14,AJUBA,JUB,True,Q96IF1
13,CDC16,CDC16,False,Q13042
1,USP1,USP1,False,O94782
17,TK1,TK,True,P04183
9,TSC1,TSC1,True,Q92574
19,CD3EAP,ASE-1,False,O15446
1,KIF2C,KIF2C,False,Q99661
11,KAT5,Tip60,False,Q92993
3,SGO1,SGO1,True,Q5FBB7
17,FOXK2,FOXK2,False,Q01167
1,DTL,RAMP,False,Q9NZJ0
3,GMPS,GMPS,False,P49915
15,DUT,dUTPase iso2,False,P33316-2
1,DEPDC1,DEPDC1,True,Q5TB30
11,PIK3C2A,PIK3C2A,True,O00443
4,UGDH,UGDH,True,O60701
6,SSR1,SSR1,True,P43307
X,XIAP,XIAP,False,P98170
3,EIF4G1,eIF4G,False,Q04637
15,IREB2,IREB2,False,P48200
X,UBE2A,UBE2A,False,P49459
12,FOXM1,FOXM1,True,Q08050
17,RECQL5,RECQL5,True,O94762
12,FOXM1,FOXM1 iso2,True,Q08050-2
1,RCC1,RCC1,False,P18754
16,KIF22,KIF22,False,Q14807
1,RPA2,RFA2,True,P15927
19,TFPT,TFPT,True,P0C1Z6
X,DDX3X,DDX3,False,O00571
19,U2AF2,U2AF2,False,P26368
8,UBXN2B,UBXN2B,False,Q14CS0
1,LBR,LBR,True,Q14739
20,NSFL1C,NSFL1C,True,Q9UNZ2
13,SKA3,SKA3,True,Q8IX90
9,FANCG,FANCG,True,O15287
5,DIAPH1,Diaphanous-1,True,O60610
3,DLG1,DLG1,True,Q12959
1,MTHFR,MTHFR,True,P42898
1,USP24,USP24,True,Q9UPU5
4,ANAPC4,APC4,False,Q9UJX5
10,CEP55,CEP55,False,Q53EZ4
9,GAPVD1,GAPVD1,False,Q14C86
5,NPM1,NPM1,False,P06748
20,NINL,Nlp,True,Q9Y2I6
1,UBAP2L,NICE-4,False,Q14157
16,RAB11FIP3,RAB11FIP3,False,O75154
2,HJURP,HJURP,True,Q8NCD3
9,ODF2,ODF2 iso3,False,Q5BJF6-3
,SUN1,SUN1 iso9,,O94901-9
X,SCML2,SCML2,True,Q9UQR0
15,DUT,dUTPase,False,P33316
11,PITPNM1,PITPNM1,True,O00562
16,CARHSP1,CARHSP1,True,Q9Y2V2
20,CDC25B,CDC25B iso2,False,P30305-2
5,CCNB1,CCNB1,False,P14635
11,TPP1,TPP1,True,O14773
2,RRM2,RRM2,False,P31350
17,SEPT9,SEPT9 iso2,False,Q9UHD8-2
13,CKAP2,CKAP2,False,Q8WWK9
16,ORC6,ORC6L,False,Q9Y5N6
17,KAT7,MYST2,False,O95251
7,MPLKIP,TTDN1,True,Q8TAP9
X,HMGN5,NSBP1,True,P82970
1,PI4KB,PIK4CB,True,Q9UBF8
8,VCPIP1,VCIP135,True,Q96JH7
2,RGPD6,RGPD5/6,False,Q99666
13,RGCC,RGC32,False,Q9H4X1
13,BORA,BORA,False,Q6PGQ7
10,CUEDC2,CUEDC2,True,Q9H467
5,CDC23,CDC23,True,Q9UJX2
17,LIG3,LIG3,False,P49916
2,RGPD8,RGPD8,True,O14715
,KMT5A,SETD8,,Q9NQR1
4,RFC1,RFC1,True,P35251
18,PTPN2,PTPN2 iso2,True,P17706-2
20,SAMHD1,SAMHD1,True,Q9Y3Z3
2,NAGK,NAGK,False,Q9UJ70
17,SLC9A3R1,NHERF,False,O14745
18,USP14,USP14,False,P54578
3,GATA2,GATA2,True,P23769
1,EFHD2,EFHD2,False,Q96C19
2,XPO1,Exportin-1,True,O14980
12,TMPO,TMPO iso6,False,P42166
6,MAP7,MAP7,True,Q14244
,PTTG2,PTTG2,,Q9NZH5
11,RSF1,HBXAP,True,Q96T23
2,BCL2L11,BIM iso2,False,O43521-2
1,PYCR2,PYCR2,True,Q96C36
5,MEF2C,MEF2C,True,Q06413
15,PRC1,PRC1,True,O43663
7,MCM7,MCM7,True,P33993
4,PAICS,PAICS,False,P22234
2,GIGYF2,TNRC15,False,Q6Y7W6
X,ERCC6L,PICH,True,Q2NKX8
12,UNG,UNG,False,P13051
21,USP16,USP16,False,Q9Y5T5
19,DNMT1,DNMT1,True,P26358
16,MAPK3,ERK1 iso3,True,P27361-3
8,DCTN6,dynactin 6,False,O00399
13,IRS2,IRS2,True,Q9Y4H2
6,HMGA1,HMGA1 iso2,False,P17096-2
12,RAB5B,RAB5B,False,P61020
1,NUCKS1,NUCKS,True,Q9H1E3
1,ZC3H11A,ZC3H11A,False,O75152
1,RAB4A,Rab4,False,P20338
12,NANOG,NANOG,False,Q9H9S0
X,REPS2,REPS2,False,Q8NFH8
15,PDIA3,GRP58,False,P30101
18,PIK3C3,PIK3C3,False,Q8NEB9
11,APLP2,APLP2,False,Q06481
10,KIF20B,KIF20B,False,Q96Q89
7,WASL,N-WASP,True,O00401
3,ITGB5,ITGB5,True,P18084
12,RAN,RAN,False,P62826
8,STMN2,STMN2,False,Q93045
3,SIAH2,SIAH2,True,O43255
7,BAIAP2L1,IRTKS,True,Q9UHR4
17,PSME3,PSME3,False,P61289
,PML,PML iso3,,P29590-3
6,HIST1H1C,H1C,True,P16403
11,BDNF,BDNF,True,P23560
6,REV3L,REV3,True,O60673
10,CACNB2,CACNB2 iso2,False,Q08289-2
2,HDAC4,HDAC4,True,P56524
19,CEACAM1,CEACAM1 iso8,True,P13688-8
3,ANKRD28,ANKRD28,True,O15084
CHR_HG1_PATCH,LTB4R,LTB4R,False,Q15722
7,CCM2,CCM2,False,Q9BSQ5
3,PDCD10,PDCD10,True,Q9BUL8
3,PTH1R,PTHR,False,Q03431
20,PCNA,PCNA,True,P12004
20,SIRPA,SHPS1,False,P78324
19,TCF3,E2A,True,P15923
9,CDK5RAP2,CDK5RAP2,True,Q96SN8
10,RBM17,RBM17,False,Q96I25
10,DCLRE1C,Artemis,True,Q96SD1
5,MCC,MCC,True,P23508
8,WRN,WRN,False,Q14191
10,POLL,POLL,True,Q9UGP5
9,XPA,XPA,True,P23025
2,NHEJ1,NHEJ1,True,Q9H9Q4
2,XRCC5,Ku80,False,P13010
11,H2AFX,H2AX,True,P16104
1,HNRNPU,hnRNP U,True,Q00839
21,AIRE,AIRE,False,O43918
7,HOXA11,HOXA11,True,P31270
5,GOLPH3,GOLPH3,True,Q9H4A6
12,NABP2,OBFC2B,False,Q9BQ15
1,HNRNPU,hnRNP U iso2,True,Q00839-2
13,LIG4,LIG4,True,P49917
14,TDP1,TDP1,False,Q9NUW8
1,USF1,USF1,True,P22415
11,RAG2,RAG2,True,P55895
9,VCP,VCP,True,P55072
13,PDX1,PDX1,False,P52945
2,PNPT1,PNPT1,True,Q8TCS8
2,IFIH1,MDA5,True,Q9BYX4
16,MEFV,pyrin,True,O15553
19,UPF1,RENT1,False,Q92900
19,RPL13A,RPL13A,False,P40429
15,TPM1,TPM1,False,P09493
12,HDAC7,HDAC7,True,Q8WUI4
13,ATP7B,ATP7B,True,P35670
12,SSH1,SSH1,True,Q8WYL5
8,DLC1,DLC1,True,Q96QB1
,TLR5,TLR5,,O60602
17,RABEP1,RABEP1,False,Q15276
20,REM1,REM1,False,O75628
1,PI4KB,PIK4CB iso2,True,Q9UBF8-2
17,PTRH2,PTRH2,True,Q9Y3E5
2,RTKN,RTKN iso2,True,Q9BST9-2
4,ARFIP1,arfaptin 1,False,P53367
11,RIN1,Rin1,True,Q13671
4,ARFIP1,arfaptin 1 iso2,False,P53367-2
17,ITGB4,ITGB4 iso2,False,P16144-2
18,MBP,MBP iso5,True,P02686-5
11,OSBP,OSBP,True,P22059
9,TLR4,TLR4,False,O00206
7,POLD2,POLD2,True,P49005
12,TUBA1B,TUBA1B,True,P68363
9,PTPN3,PTPN3,True,P26045
12,EIF4B,EIF4B,False,P23588
6,TUBB,TUBB,False,P07437
22,TAB1,TAB1,False,Q15750
X,RBMX,RBMX,True,P38159
12,HSP90B1,GRP94,False,P14625
6,ATAT1,ATAT1,False,Q5SQI0
2,RAB1A,RAB1A,True,P62820
6,EEF1A1,EEF1A1,True,P68104
1,PPP2R5A,PPP2R5A,False,Q15172
7,CLDN4,Claudin-4,False,O14493
18,SMAD4,SMAD4,False,Q13485
19,CRTC1,TORC1,False,Q6UUV9
8,TPD52,TPD52,True,P55327
11,DIXDC1,DIXDC1 iso2,False,Q155Q3-2
11,FEZ1,FEZ1,True,Q99689
11,DIXDC1,DIXDC1,False,Q155Q3
20,PYGB,PYGB,False,P11216
8,KIF13B,KIF13B,True,Q9NQT8
10,RAB11FIP2,RAB11FIP2,True,Q7L804
12,RNF41,RNF41,True,Q9H4P4
6,UTRN,utrophin,False,P46939
8,,RAB11FIP1 iso3,True,Q6WKZ4-3
X,PAGE4,PAGE4,False,O60829
11,APBB1,Fe65,True,O00213
14,NDRG2,NDRG2,True,Q9UN36
1,NCSTN,nicastrin,False,Q92542
17,SLC2A4,GLUT4,False,P14672
4,HTT,Huntingtin,False,P42858
7,SNX8,SNX8,True,Q9Y5X2
9,CD274,PD-L1,False,Q9NZQ7
14,GTF2A1,GTF2A1,True,P52655
5,TAF7,TAF7,True,Q15545
1,ENSA,ENSA,True,O43768
17,TBX21,TBX21,False,Q9UL17
14,FOXA1,FOXA1,True,P55317
1,CDC73,CDC73,False,Q6P1J9
17,SRCIN1,SNIP iso5,True,Q9C0H9-5
14,SNW1,Skip,True,Q13573
10,PIK3AP1,BCAP,True,Q6ZUJ8
17,CRK,CRK,True,P46108
20,RBM39,RNPC2,True,Q14498
3,NCK1,NCK1,False,P16333
3,ROBO1,ROBO1,True,Q9Y6N7
19,VAV1,VAV1,False,P15498
19,JUNB,JunB,False,P17275
20,PSMA7,PSMA7,True,O14818
14,LGALS3,galectin-3,False,P17931
10,ERCC6,ERCC6,True,Q03468
16,CD19,CD19,False,P15391
9,SPTLC1,SPTLC1,True,O15269
16,NFAT5,NFAT5,False,O94916
3,GPX1,GPX1,True,P07203
14,AHSA1,AHSA1,False,O95433
14,ESR2,ER-beta,True,Q92731
15,MFAP1,MFAP1,True,P55081
7,DBF4,DBF4,False,Q9UBU7
9,PSIP1,LEDGF,True,O75475
3,RAD18,RAD18,True,Q9NS91
10,NFKB2,NFkB-p100,False,Q00653
3,FOXL2,FOXL2,True,P58012
14,PSEN1,PSEN1,False,P49768
8,TNKS,TNKS,False,O95271
,NEFH,NFH,,P12036
5,DROSHA,DROSHA,True,Q9NRR4
19,BAX,BAX,False,Q07812
19,EGLN2,EGLN2,False,Q96KS0
13,AKAP11,AKAP11,False,Q9UKA4
2,FANCL,FANCL,True,Q9NW38
5,PTTG1,Securin,False,O95997
1,ZNF281,ZNF281,True,Q9Y2X9
X,FOXP3,FOXP3,True,Q9BZS1
X,DCX,Doublecortin iso2,True,O43602-2
19,RFX1,RFX1,True,P22670
19,USF2,USF2,False,Q15853
19,CCNE1,CCNE1,False,P24864
2,DPYSL5,CRMP-5,False,Q9BPU6
22,IL17RA,IL17RA,False,Q96F46
5,VDAC1,VDAC1,True,P21796
18,PHLPP1,PHLPP,False,O60346
8,SNAI2,Snail2,True,O43623
2,RAB11FIP5,RAB11FIP5,True,Q9BXF6
17,NR1D1,NR1D1,True,P20393
5,FBXO4,FBXO4,False,Q9UKT5
,PGR,PR iso2,,P06401-2
22,PICK1,PICK1,False,Q9NRD5
18,CABYR,CABYR,False,O75952
19,BCL2L12,Bcl-2L12,False,Q9HB09
13,CDX2,CDX2,True,Q99626
5,DPYSL3,CRMP-4,True,Q14195
5,SNCAIP,SNCAIP,False,Q9Y6H5
5,IRF1,IRF1,True,P10914
20,RBM38,RBM38,False,Q9H0Z9
19,RELB,RELB,False,Q01201
12,CCND2,CCND2,False,P30279
1,MYCL,L-Myc,True,P12524
6,HIST1H1B,H1B,True,P16401
17,NFE2L1,NFE2L1,False,Q14494
11,ARNTL,BMAL1,False,O00327
13,KLF5,KLF5,False,Q13887
4,CLOCK,CLOCK,True,O15516
21,RCAN1,RCAN1,True,P53805
,,AREL1 iso2,,O15033-2
6,BAK1,BAK1,True,Q16611
CHR_HG30_PATCH,RUFY1,RUFY1,False,Q96T51
17,YWHAE,14-3-3 epsilon,True,P62258
7,CALU,CALU,False,O43852
16,SLC9A3R2,NHERF-2,False,Q15599
2,ID2,ID2,False,Q02363
,HNF1A,HNF1A,,P20823
2,SF3B1,SF3B1,True,O75533
1,SH2D2A,TSAd,True,Q9NP31
4,MED28,MED28,False,Q9H204
1,CD247,CD3Z,True,P20963
1,SSBP3,SSBP3,True,Q9BWW4
19,CD33,CD33,False,P20138
3,CCDC50,CCDC50,False,Q8IVM0
17,PECAM1,PECAM-1,True,P16284
12,STAT2,STAT2,True,P52630
1,SLAMF1,SLAM,True,Q13291
1,ADAM15,ADAM15,False,Q13444
2,ACP1,ACP1,False,P24666
19,SIGLEC10,Siglec-10,True,Q96LC7
3,TIGIT,TIGIT,False,Q495A1
17,SOCS3,SOCS3,True,O14543
11,SF1,SF1,True,Q15637
17,PIMREG,FAM64A,False,Q9BSJ6
9,TRAF2,TRAF2,False,Q12933
12,CDK2AP1,CDK2AP1,True,O14519
11,MYOD1,MyoD,False,P15172
2,HTRA2,HTRA2,False,O43464
10,MAPK8,JNK1 iso3,False,P45983-3
,RPS6KB1,p70S6K iso2,,P23443-2
16,SIAH1,SIAH1,True,Q8IUQ4
12,STRAP,STRAP,False,Q9Y3F4
5,ZNF622,ZNF622,True,Q969S3
22,ST13,HIP,True,P50502
8,NKX3-1,NKX3-1,True,Q99801
1,DNAJC6,DNAJC6,False,O75061
19,RPS11,RPS11,False,P62280
17,NSF,NSF,False,P46459
19,RPS15,RPS15,False,P62841
7,AIMP2,JTV1,False,Q13155
1,SLC9A1,NHE1,True,P19634
16,FOXC2,FOXC2,False,Q99958
14,JDP2,JDP2,False,Q8WYK2
17,PIP4K2B,PIP4K2B,True,P78356
19,FPR1,FPR1,True,P21462
4,PPARGC1A,PGC-1 alpha,True,Q9UBK2
X,MAOA,MAOA,False,P21397
1,USP21,USP21,False,Q9UK80
5,MEF2C,MEF2C iso3,True,Q06413-3
4,CASP3,CASP3,True,P42574
1,S100A9,S100A9,False,P06702
8,MAFA,MAFA,True,Q8NHW3
11,CORO1B,coronin 1B,True,Q9BR76
1,EPS15,EPS15,True,P42566
7,HBP1,HBP1,False,O60381
1,RPS27,RPS27,False,P42677
11,KAT5,Tip60 iso2,False,Q92993-2
12,EEA1,EEA1,True,Q15075
1,F3,F3,True,P13726
X,LAMP2,LAMP2,True,P13473
1,GRHL3,GRHL3,False,Q8TE85
4,RBPJ,RBPJ,False,Q06330
14,TRIM9,TRIM9 iso5,True,Q9C026-5
3,RBSN,ZFYVE20,True,Q9H1K0
11,CRYAB,CRYAB,True,P02511
13,SMAD9,SMAD9,True,O15198
7,ZNHIT1,ZNHIT1,False,O43257
5,SKP2,SKP2,False,Q13309
1,ATF6,ATF6A,False,P18850
3,AP2M1,AP2M1,False,Q96CW1
17,CLDN7,Claudin-7,True,O95471
17,TRAF4,TRAF4,False,Q9BUZ4
20,FOXA2,FOXA2,True,Q9Y261
2,ATG16L1,ATG16L1,False,Q676U5
7,MTURN,MTURN,False,Q8N3F0
7,TAX1BP1,TAX1BP1 iso2,False,Q86VP1-2
19,BCL3,Bcl-3,False,P20749
2,REL,REL,False,Q04864
16,RBL2,Rb-like 2,False,Q08999
12,BTG1,BTG1,True,P62324
19,EEF2,EEF2,True,P13639
16,CDT1,CDT1,False,Q9H211
4,ANKRD17,ANKRD17,True,O75179
6,AARS2,AARSL,True,Q5JTZ9
4,RNF4,RNF4,False,P78317
1,ITGB3BP,NRIF3,True,Q13352
2,ING5,ING5,False,Q8WYH8
X,ELF4,ELF4,True,Q99607
16,TERF2,TRF2,True,Q15554
13,DIAPH3,Diaphanous-3,True,Q9NSV4
1,ELK4,ELK4,True,P28324
3,IMPDH2,IMPDH2,True,P12268
12,PTHLH,PTHrP,True,P12272
17,CDC6,CDC6,False,Q99741
1,RAD54L,RAD54L,False,Q92698
1,TBCE,TBCE,False,Q15813
8,PARP10,PARP10,True,Q53GL7
1,CRTC2,TORC2,True,Q53ET0
5,HNRNPH1,hnRNP H1,True,P31943
18,RBBP8,CtIP,False,Q99708
16,TERF2IP,TERF2IP,False,Q9NYB0
2,FAM168B,FAM168B,True,A1KXE4
14,MTA1,MTA1,False,Q13330
9,FAM122A,FAM122A,False,Q96E09
19,CC2D1A,CC2D1A,False,Q6P1N0
6,AKIRIN2,AKIRIN2,True,Q53H80
22,HIRA,HIRA,True,P54198
11,KDM2A,FBXL11,False,Q9Y2K7
11,NPAT,NPAT,True,Q14207
9,RPL12,RPL12,True,P30050
19,FZR1,FZR1,False,Q9UM11
,SORBS3,vinexin iso10,,O60504_VAR_055019
1,C1orf198,C1orf198,True,Q9H425
7,POLM,POLM,True,Q9NP87
8,MCM4,MCM4,False,P33991
19,QTRT1,QTRT1,False,Q9BXR0
X,TSPYL2,TSPYL2,False,Q9H2G4
17,SPAG9,JIP4,True,O60271
11,ZBTB16,PLZF,False,Q05516
14,ARID4A,RbBP1,False,P29374
,CROCC,CROCC iso2,,Q5TZA2-2
16,NOB1,NOB1P,True,Q9ULX3
17,TUBG2,TUBG2,False,Q9NRH3
2,USP37,USP37,True,Q86T82
12,ANKLE2,ANKLE2,True,Q86XL3
4,NELFA,WHSC2,True,Q9H3P2
8,ZHX1,ZHX1,True,Q9UKY1
19,SNRNP70,snRNP 70,False,P08621
3,ATRIP,ATRIP,False,Q8WXE1
2,ORC2,ORC2,True,Q13416
3,LRCH3,LRCH3,False,Q96II8
1,ID3,ID3,True,Q02535
6,MRPS18B,MRPS18B,False,Q9Y676
1,ORC1,ORC1L,True,Q13415
17,C17orf49,C17orf49,False,Q8IXM2
20,RBL1,Rb-like 1,True,P28749
3,TOPBP1,TOPBP1,True,Q92547
11,DPF2,requiem,False,Q92785
17,INCA1,INCA1,True,Q0VD86
6,HIST1H1A,H1F1,True,Q02539
11,NUP98,NUP98,True,P52948
1,RPL11,RPL11,False,P62913
11,TNKS1BP1,TNKS1BP1,True,Q9C0C2
17,EIF4A3,DDX48,True,P38919
6,POLH,POLH,False,Q9Y253
17,UBE2O,UBE2O,True,Q9C0C9
17,TUBG1,TUBG1,False,P23258
12,KMT2D,MLL4,True,O14686
12,SRSF9,SFRS9,True,Q13242
6,PRRC2A,BAT2,False,P48634
4,CCNA2,CCNA2,True,P20248
15,RPS27L,RPS27L,True,Q71UM5
15,ZNF609,ZNF609,False,O15014
1,ARID1A,ARID1A,False,O14497
,UHRF1,UHRF1 iso2,,Q96T88-2
16,JPT2,HN1L,False,Q9H910
17,SUPT6H,SPT6,False,Q7KZ85
6,FOXC1,FOXC1,False,Q12948
6,MTHFD1L,MTHFD1L,False,Q6UB35
1,SETDB1,SETDB1,False,Q15047
8,NBN,NBS1,True,O60934
,LARP1,LARP,,Q6PKG0
16,INO80E,CCDC95,False,Q8NBZ0
1,MACF1,ACF7,False,Q9UPN3
19,LMNB2,Lamin B2,True,Q03252
12,BAZ2A,BMZF-2,True,Q9UIF9
1,NUP133,NUP133,True,Q8WUM0
17,TSR1,TSR1,True,Q2NL82
5,CCNO,CCNO,True,P22674
1,CTTNBP2NL,CTTNBP2NL,False,Q9P2B4
17,ERAL1,ERAL1,False,O75616
X,HNRNPH2,hnRNP H2,False,P55795
4,SLAIN2,SLAIN2,False,Q9P270
6,C6orf106,C6orf106,True,Q9H6K1
2,TANC1,TANC1,False,Q9C0D5
6,ALDH5A1,ALDH5A1,False,P51649
19,SIRT2,SIRT2 iso2,True,Q8IXJ6-2
1,TOR1AIP1,TOR1AIP1,False,Q5JTV8
18,CEP76,CEP76,True,Q8TAP6
10,TCF7L2,TCF7L2,False,Q9NQB0
21,CBS,CBS,True,P35520
11,TRPC6,TRPC6,True,Q9Y210
12,ORAI1,ORAI1,False,Q96D31
4,TRPC3,TRPC3 iso3,True,Q13507-3
1,RGS2,RGS2,False,P41220
3,TRPC1,TRPC1,False,P48995
,TRPC3,TRPC3,,Q13507
11,PTS,PTS,False,Q03393
3,CCDC80,URB,True,Q76M96
19,ERF,ERF,True,P50548
11,PARVA,PARVA,False,Q9NVD7
4,CENPE,CENPE,True,Q02224
1,PRDX6,PRDX6,False,P30041
12,DUSP16,DUSP16,True,Q9BY84
2,SOS1,SOS1,True,Q07889
19,DAZAP1,DAZAP1,False,Q96EP5
X,KLF8,KLF8,False,O95600
15,SMAD3,SMAD3,False,P84022
20,STMN3,STMN3,True,Q9NZ72
,KDM4B,JMJD2B,,O94953
19,TCF3,E2A iso2,True,P15923-2
8,TGS1,PIMT,False,Q96RS0
,TP53BP2,53BP2,,Q13625
X,AKAP4,AKAP4,True,Q5JQC9
14,FOS,Fos,False,P01100
1,NCF2,p67phox,True,P19878
11,DLG2,PSD-93,True,Q15700
,PDE4D,PDE4D iso4,,Q08499-4
3,PPARG,PPAR-gamma,False,P37231
,RORA,RORA iso4,,P35398-4
5,PDE4D,PDE4D iso5,True,Q08499-5
1,HECTD3,HECTD3,True,Q5T447
8,NEFL,NFL,True,P07196
15,FAM103A1,FAM103A1,False,Q9BTL3
15,BMF,BMF,True,Q96LC9
21,ERG,ERG,True,P11308
1,PLA2G4A,cPLA2,False,P47712
7,COPS6,COPS6,False,Q7L5N1
20,NCOA6,NCOA6,True,Q14686
1,PDE4B,PDE4B iso2,False,Q07343-2
6,IER3,IEX-1,True,P46695
6,GPSM3,GPSM3,True,Q9Y4H4
16,SEPT12,SEPT12,True,Q8IYM1
20,DSTN,Destrin,False,P60981
1,CCNL2,CCNL2,True,Q96S94
14,LIN52,LIN52,False,Q52LA3
9,DNM1,DYN1,False,Q05193
X,MECP2,MECP2,True,P51608
22,SNAP29,SNAP29,False,O95721
14,PRMT5,PRMT5,True,O14744
3,CCR2,CCR2,False,P41597
19,ARHGEF1,ARHGEF1,False,Q92888
1,MEF2D,MEF2D,True,Q14814
1,WDR77,WDR77,True,Q9BQA1
11,CELF1,CELF1,True,Q92879
17,SPOP,SPOP,True,O43791
1,TGFBR3,TGFBR3,True,Q03167
3,TP63,p63 iso2,False,Q9H3D4-2
5,SEPT8,SEPT8,True,Q92599
19,DNAJB1,HSP40,True,P25685
7,RHEB,RHEB,True,Q15382
11,GSTP1,GSTP1,False,P09211
12,CCNT1,CCNT1,True,O60563
8,PINX1,PINX1,True,Q96BK5
21,PCNT,PCNT,False,O95613
6,CENPQ,CENPQ,False,Q7L2Z9
7,MAD1L1,MAD1L1,True,Q9Y6D9
17,SUZ12,SUZ12,False,Q15022
5,KIF2A,KIF2A,False,O00139
8,RAD21,RAD21,True,O60216
12,ANAPC7,APC7,True,Q9UJX3
22,PPP6R2,SAPS2,False,O75170
3,CIP2A,CIP2A,True,Q8TCG1
,GTSE1,GTSE1,,Q9NYZ3
13,ZMYM2,ZNF198,False,Q9UBW7
17,KIF2B,KIF2B,False,Q8N4N8
12,PLEKHG6,PLEKHG6,False,Q3KR16
,TRIOBP,Tara iso5,,Q9H2D6-5
9,TOPORS,TOPORS,True,Q9NS56
3,GORASP1,GRASP65,True,Q9BQQ3
,BRCA2,BRCA2,,P51587
22,ATXN10,ataxin-10,False,Q9UBB4
4,REST,REST,False,Q13127
2,CEP68,CEP68,False,Q76N32
2,PPP1R7,PPP1R7,False,Q15435
22,NCAPH2,NCAPH2,False,Q6IBW4
4,CENPU,CENPU,True,Q71F23
1,NUDC,NUDC,False,Q9Y266
,PAX3/FOXO1,PAX3-FOXO1,,AAC50053
,AXIN2,axin 2,,Q9Y2T1
18,CEP192,CEP192,False,Q8TEP8
14,BRF1,GTF3B,True,Q92994
10,SVIL,supervillin,True,O95425
13,SUGT1,SUGT1,False,Q9Y2Z0
3,RUVBL1,RUVBL1,True,Q9Y265
7,SRI,SRI,True,P30626
20,KIZ,Kizuna,False,Q2M2Z5
17,CDK5R1,CDK5R1,False,Q15078
11,DRD2,DRD2,True,P14416
11,PPFIA1,liprin alpha 1,False,Q13136
2,XDH,XDH,True,P47989
18,PMAIP1,NOXA,False,Q13794
5,DBN1,DBN1,True,Q16643
,DPYSL2,CRMP-2 iso3,,NP_001184222
12,AGAP2,CENTG1 iso2,True,Q99490-2
20,PHACTR3,PHACTR3,False,Q96KR7
16,AMFR,AMFR,True,Q9UKV5
20,PRNP,PRNP,False,P04156
16,AXIN1,axin 1,True,O15169
9,TLN1,talin 1,True,Q9Y490
22,SEPT5,SEPT5 iso2,False,Q99719-2
19,STXBP2,STXBP2,False,Q15833
15,CIB1,CIB1,True,Q99828
X,GATA1,GATA1,False,P15976
6,TDP2,TTRAP,True,O95551
2,NRXN1,NRXN1 iso1,True,P58400-1
19,ASF1B,ASF1B,True,Q9NVP2
6,ASF1A,ASF1A,False,Q9Y294
16,HSF4,HSF4,False,Q9ULV5
12,MARS,MARS,False,P56192
21,USP25,USP25,False,Q9UHP3
,SCRIB,Scribble,,Q14160
2,RND3,RhoE,True,P61587
19,ARHGAP35,GRF-1,False,Q9NRY4
4,ARHGAP24,ARHGAP24,False,Q8N264
1,PPP1R12B,PPP1R12B,False,O60237
16,MAPK8IP3,JIP3,False,Q9UPT6
2,COL4A3,COL4A3,False,Q01955
1,CTH,CTH,False,P32929
20,CEP250,CEP250,False,Q9BV73
15,PKM,PKM iso2,True,P14618-2
14,ACTN1,ACTN1,True,P12814
1,ATP2B4,PMCA4 iso6,False,P23634-6
17,GRB7,GRB7,False,Q14451
8,UBR5,UBR5,True,O95071
3,ARHGAP31,CdGAP,False,Q2M1Z3
19,RANBP3,RANBP3,True,Q9H6Z4
8,DEPTOR,DEPTOR,False,Q8TB45
2,MXD1,Mad1,False,Q05195
12,CCT2,CCT2,False,P78371
10,PDCD4,PDCD4,False,Q53EL6
12,APAF1,APAF,False,O14727
12,METTL1,METTL1,True,Q9UBP6
9,OSTF1,OSTF1,False,Q92882
4,EDNRA,EDNRA,False,P25101
1,OPRD1,DOR-1,False,P41143
7,CHRM2,mAChR M2,False,P08172
12,,Epac1 iso3,True,O95398-3
5,CLTB,CLTB,True,P09497
2,KCNIP3,calsenilin,False,Q9Y2W7
1,ADIPOR1,ADIPOR1,True,Q96A54
2,MSH2,MSH2,False,P43246
6,DEF6,DEF6,False,Q9H4E7
5,HAVCR2,TIM-3,True,Q8TDQ0
1,PTPRC,CD45,False,P08575
17,ZBTB4,ZBTB4,True,Q9P1Z0
21,RUNX1,AML1,True,Q01196
4,KLF3,KLF3,False,P57682
17,PPM1D,PPM1D,False,O15297
17,CBX4,CBX4,True,O00257
21,SOD1,SOD1,False,P00441
19,ELL,ELL,True,P55199
5,BRD9,BRD9,True,Q9H8M2
10,FAM21A,FAM21A,False,Q641Q2
11,UVRAG,UVRAG,False,Q9P2Y5
6,TFEB,TFEB,True,P19484
17,SENP3,SENP3,False,Q9H4L4
1,SRRM1,SRm160,False,Q8IYB3
5,DAP,DAP,True,P51397
20,RPRD1B,RPRD1B,False,Q9NQG5
4,SLC7A11,SLC7A11,True,Q9UPY5
11,PATL1,PATL1,True,Q86TB9
19,APBA3,APBA3,True,O96018
7,ZNRF2,ZNRF2,False,Q8NHG8
12,ISCU,ISCU,False,Q9H1K1
15,LARP6,LARP6,True,Q9BRS8
9,MAPKAP1,Sin1,True,Q9BPZ7
1,DUSP10,DUSP10,True,Q9Y6W6
11,AMBRA1,AMBRA1,True,Q9C0C7
1,UBR4,UBR4,True,Q5T4S7
16,ZNF768,ZNF768,True,Q9H5H4
8,MAF1,MAF1,False,Q9H063
3,AMOTL2,AMOTL2,True,Q9Y2J4
5,KIF20A,KIF20A,False,O95235
16,ACD,ACD,True,Q96AP0
14,FOXG1,FOXG1,False,P55316
X,FOXO4,FOXO4,False,P98177
21,TIAM1,TIAM1,True,Q13009
16,NFATC3,NFAT4,False,Q12968
4,JADE1,JADE1,False,Q6IE81
X,CTPS2,CTPS2,True,Q9NRF8
2,RHOB,RHOB,False,P62745
11,TUT1,RBM21,True,Q9H6E5
20,EIF6,EIF6,True,P56537
1,ECE1,ECE1,True,P42892
3,BHLHE40,BHLHB2,False,O14503
9,DAB2IP,DAB2IP,False,Q5VWQ8
6,BAG6,BAT3,True,P46379
6,KATNA1,KATNA1,True,O75449
19,PSMC4,RPT3,False,P43686
10,BUB3,BUB3,False,O43684
1,CDC20,CDC20,False,Q12834
2,UGT1A7,UGT1A7,False,Q9HAW7
7,ADAP1,CENTA1,True,O75689
5,TICAM2,TICAM2,True,Q86XR7
19,KEAP1,KEAP1,True,Q14145
3,GNAI2,G-alpha i2,False,P04899
2,GLS,glutaminase iso3,False,O94925-3
15,IQGAP1,IQGAP1,False,P46940
12,ALDH2,ALDH2,False,P05091
16,SLC6A2,SLC6A2,False,P23975
1,MIIP,MIIP,False,Q5JXC2
5,NREP,P311,True,Q16612
4,MOB1B,MOB1B,False,Q7L9L4
14,SAV1,SAV1,True,Q9H4B6
2,MOB1A,MOB1A,True,Q9H8S9
15,SNAP23,SNAP23,False,O00161
9,CDKN2A,p16-INK4A,True,P42771
16,CHTF18,CTF18,False,Q8WVB6
16,GINS2,PSF2,True,Q9Y248
19,FARSA,FARSLA,True,Q9Y285
3,CGGBP1,CGGBP1,True,Q9UFW8
14,FANCM,FANCM,False,Q8IYD8
2,SMARCAL1,SMARCAL1,False,Q9NZC9
X,SMC1A,Smc1,True,Q14683
19,SUGP2,SFRS14,True,Q8IX01
5,RAD17,RAD17,False,O75943
11,KMT2A,MLL,False,Q03164
X,HUWE1,HUWE1,True,Q7Z6Z7
12,CNOT2,NOT2,False,Q9NZN8
19,ZSCAN5A,ZSCAN5,True,Q9BUG6
7,PHF14,PHF14,False,O94880
11,CCDC82,CCDC82,True,Q8N4S0
17,GPS1,COPS1,False,Q13098
14,XRCC3,XRCC3,True,O43542
3,MLH1,MLH1,False,P40692
12,SMARCC2,SMARCC2,True,Q8TAQ2
8,CCAR2,DBC-1,False,Q8N163
1,MARCKSL1,MLP,True,P49006
11,SORL1,SORL1,False,Q92673
9,SH3GL2,endophilin A1,False,Q99962
,APP,APP iso4,,P05067-4
6,BACH2,BACH2,True,Q9BYV9
5,LTC4S,LTC4S,False,Q16873
9,NCBP1,NCBP1,False,Q09161
1,EGLN1,EGLN1,True,Q9GZT9
6,HIST1H2BB,H2B,True,P33778
9,TMOD1,TMOD1,False,P28289
6,PACSIN1,PACSIN1,False,Q9BY11
1,PGM1,PGM1,False,P36871
3,FXR1,FXR1,False,P51114
22,GNAZ,G-alpha(z),False,P19086
19,TBCB,TBCB,False,Q99426
10,PGAM1,PGAM1,False,P18669
22,MORC2,MORC2,True,Q9Y6X9
2,PCBP1,hnRNP E1,False,Q15365
12,DYNLL1,LC8,False,P63167
8,PREX2,PREX2,False,Q70Z35
6,HACE1,HACE1,True,Q8IYU2
12,HIST1H4A,H4,True,P62805
11,PCF11,PCF11,False,O94913
19,INSR,INSR iso2,True,P06213-2
2,DOK1,DOK1,False,Q99704
1,PIK3R3,PIK3R3,True,Q92569
17,PHB,PHB,True,P35232
11,YAP1,YAP1 iso3,False,P46937-3
22,BID,BID,True,P55957
11,MAPK8IP1,JIP1,False,Q9UQF2
7,YWHAG,14-3-3 gamma,True,P61981
1,SORT1,SORT1,True,Q99523
8,PDP1,PDP1,False,Q9P0J1
11,ACAT1,ACAT1,False,P24752
3,CCR5,CCR5,False,P51681
17,SSTR2,SSTR2,False,P30874
20,OPRL1,KOR-3,False,P41146
20,ITCH,ITCH,False,Q96J02
17,FLII,FLI,True,Q13045
15,FANCI,FANCI,False,Q9NVI1
6,RANBP9,RANBP9,True,Q96S59
8,RRM2B,RRM2B,True,Q7LG56
11,USP28,USP28,True,Q96RU2
20,,ITCH iso2,False,Q96J02-2
16,RFWD3,RFWD3,True,Q6PCD5
3,ZNF148,ZNF148,True,Q9UQR1
19,PNKP,Pnk1,True,Q96T60
3,RASSF1,RASSF1,True,Q9NS23
16,SLX4,SLX4,True,Q8IY92
4,FAM175A,Abraxas,True,Q6UWZ7
1,COP1,COP1,True,Q8NHY2
16,RNF40,RNF40,False,O75150
9,RNF20,RNF20,False,Q5VTR2
2,PPM1G,PPM1G,True,O15355
12,CHD4,CHD-4,True,Q14839
15,AVEN,AVEN,True,Q9NQS1
11,MEN1,MEN1 iso2,True,O00255-2
19,ZNF420,ZNF420,False,Q8TAQ5
4,NSD2,WHSC1,False,O96028
13,UCHL3,UCHL3,False,P15374
2,USP34,USP34,True,Q70CQ2
6,ZBTB2,ZBTB2,True,Q8N680
17,WRAP53,WRAP53,False,Q9BUR4
10,ZEB1,TCF8,False,P37275
1,SLC2A1,GLUT1,True,P11166
22,L3MBTL2,L3MBTL2,False,Q969R5
12,USP15,USP15,False,Q9Y4E8
2,APLF,APLF,False,Q8IW19
12,GIT2,GIT2,True,Q14161
16,FBXO31,FBXO31,True,Q5XUX0
18,RNF138,RNF138,False,Q8WVD3
5,RAD50,RAD50,False,Q92878
7,EZH2,EZH2 iso2,True,Q15910-2
19,NOP53,GLTSCR2,False,Q9NZM5
1,LAMTOR5,HBXIP,True,O43504
19,SMARCA4,SMARCA4,False,P51532
19,MLLT1,MLLT1,True,Q03111
11,PIDD1,PIDD,True,Q9HB75
6,AGER,RAGE,True,Q15109
3,PBRM1,polybromo 1,True,Q86U86
1,EYA3,EYA3,True,Q99504
CHR_HG1398_PATCH,PEX5,PEX5,False,P50542
1,NTRK1,TrkA iso2,False,P04629-2
17,NMT1,NMT1,False,P30419
5,FYB1,SLAP-130,True,O15117
1,PLXNA2,PLXNA2,True,O75051
11,IFITM3,IFITM3,True,Q01628
,ARHGAP33,SNX26,,O14559
11,CD3E,CD3E,False,P07766
17,SKAP1,SKAP55,True,Q86WV1
3,PLXNA1,PLXNA1,False,Q9UIW2
2,MAP2,MAP2 iso3,False,P11137-3
2,STAM2,STAM2,True,O75886
17,CD300LF,IREM-1,True,Q8TDQ1
2,SCN9A,SCN9A,True,Q15858
1,PTGS2,COX-2,True,P35354
17,FLOT2,FLOT2,True,Q14254
1,FCGR2B,FCGR2B,False,P31994
11,NOX4,NOX4,True,Q9NPH5
20,PTPRT,PTPRT iso1,True,O14522-1
2,RTN4,Nogo,True,Q9NQC3
18,CD226,DNAM-1,True,Q15762
6,CLIC5,CLIC5,True,Q9NZA1
17,CD300LB,CD300LB,True,A8K4G0
1,CDCA8,Borealin,False,Q53HL2
5,HSPA9,HSPA9B,True,P38646
11,ARHGEF17,ARHGEF17,False,Q96PE2
16,RMI2,RMI2,False,Q96E14
8,OPRK1,KOR-1,True,P41145
10,,GPR120 iso2,False,Q5NUL3-2
1,TACSTD2,TACSTD2,True,P09758
20,JPH2,JPH2,True,Q9BR39
17,HEXIM1,HEXIM1,False,O94992
22,NCF4,p40phox,False,Q15080
16,MMP2,MMP2,False,P08253
17,CDC42EP4,CDC42EP4,True,Q9H3Q1
12,NR1H4,NR1H4 iso2,False,Q96RI1-2
3,MBD4,MBD4,True,O95243
10,ATP5C1,ATP5C,False,P36542
20,SNAP25,SNAP-25,False,P60880
9,DOCK8,DOCK8,False,Q8NF50
18,RALBP1,RALBP1,False,Q15311
19,CYTH2,cytohesin 2,False,Q99418
16,SPN,sialophorin,False,P16150
7,CD36,CD36,False,P16671
11,KCNE3,KCNE3,True,Q9Y6H6
7,FSCN1,fascin,False,Q16658
17,NF1,NF1 iso2,False,P21359-2
,PLAU,uPA,,P00749
9,CDKN2A,p16-INK4A iso4,True,Q8N726
10,IL2RA,IL2RA,True,P01589
1,F11R,JAM-A,True,Q9Y624
1,KCNAB2,Kv-beta2,False,Q13303
7,AQP1,AQP1,False,P29972
12,CD4,CD4,False,P01730
9,ACO1,IREB1,False,P21399
2,FMNL2,FMNL2 iso3,False,Q96PY5-3
15,RORA,RORA,True,P35398
10,SLC18A2,SLC18A2,False,Q05940
2,CFLAR,CFLAR iso2,False,O15519-2
1,KCNC4,Kv3.4,False,Q03721
2,RALB,RALB,False,P11234
12,TUBA1C,TUBA1C,False,Q9BQE3
1,NR1I3,NR1I3,True,Q14994
7,AHR,AHR,False,P35869
22,KCNJ4,HIR,True,P48050
2,CFLAR,CFLAR,False,O15519
,RGS7,RGS7,,P49802
1,RSC1A1,RSC1A1,False,Q92681
1,GPSM2,GPSM2,False,P81274
11,ROBO3,ROBO3,False,Q96MS0
5,SLC6A3,DAT,True,Q01959
20,PPP1R16B,PPP1R16B,False,Q96T49
3,CASR,CaR,False,P41180
16,NOXO1,NOXO1 iso3,True,Q8NFA2-3
9,TXN,TXN,True,P10599
1,TNNT2,TNNT2,True,P45379
X,NLGN4X,NLGN4X,True,Q8N0W4
2,PLEK,pleckstrin,False,P08567
11,CD3G,CD3G,False,P09693
X,EIF2S3,eIF2-gamma,False,P41091
10,KCNMA1,KCNMA1,True,Q12791
19,PTGIR,PTGIR,True,P43119
11,TAGLN,TAGLN,False,Q01995
,,TRPM2 iso3,,O94759-3
,SUN1,SUN1,,O94901
14,BCL11B,Bcl-11B,True,Q9C0K0
15,BNC1,basonuclin 1,True,Q01954
1,NMNAT1,NMNAT1,False,Q9HAN9
12,KCNA5,Kv1.5,False,P22460
17,RAB37,RAB37,False,Q96AX2
,PRH2,PRH,,P02810
1,ASAP3,DDEFL1,True,Q8TDY4
16,CYLD,CYLD,False,Q9NQC7
12,TNFRSF1A,TNF-R1,True,P19438
6,TNFAIP3,TNFAIP3,False,P21580
1,BCL10,Bcl-10,True,O95999
7,PNPLA8,PNPLA8,True,Q9NP80
X,RBM3,RBM3,False,P98179
16,SHCBP1,SHCBP1,True,Q8NEM2
6,HIST1H2BM,H2B1M,False,Q99879
6,HIST1H2BH,H2B1H,False,Q93079
15,ZFYVE19,ZFYVE19,False,Q96K21
6,HIST1H2BD,H2B1D,False,P58876
6,HIST1H2BO,H2BFH,False,P23527
,HIST2H2BC,HIST2H2BC,,Q6DN03
,DIAPH2,Diaphanous-2 iso4,,Q17R91
6,DEK,DEK,True,P35659
6,HIST1H2BC,H2B1C,True,P62807
20,DSN1,DSN1,True,Q9H410
2,COBLL1,COBLL1,True,Q53SF7
12,PPHLN1,PPHLN1,False,Q8NEY8
1,HMGN2,HMGN2,False,P05204
5,NSUN2,NSUN2,True,Q08J23
15,KIF23,KIF23 iso2,False,Q02241-2
11,CCDC86,CCDC86,False,Q9H6F5
1,HIST2H2BE,H2B2E,True,Q16778
13,RPL21,RPL21,False,P46778
8,SH2D4A,SH2D4A,False,Q9H788
15,KNL1,CASC5,False,Q8NG31
8,CDCA2,CDCA2,False,Q69YH5
8,CHMP4C,CHMP4C,False,Q96CF2
6,HIST1H2BK,H2B1K,True,O60814
6,HIST1H2BN,H2B1N,False,Q99877
16,SEPT1,SEPT1,True,Q8WYJ6
6,RPS10,RPS10,True,P46783
17,DDX52,DDX52,True,Q9Y2R4
6,HIST1H2BJ,HIST1H2BJ,True,P06899
,HIST2H2BD,HIST2H2BD,,Q6DRA6
10,ARHGAP21,ARHGAP21,True,Q5T5U3
12,CBX5,HP1 alpha,True,P45973
1,HIST2H2BF,H2B2F,True,Q5QNW6
19,MISP,MISP,False,Q8IVT2
17,ARHGAP23,ARHGAP23,False,Q9P227
17,CAVIN1,PTRF,True,Q6NZI2
14,SUPT16H,SPT16,True,Q9Y5B9
8,RPL8,RPL8,True,P62917
21,MIS18A,MIS18A,True,Q9NYP9
19,DDA1,DDA1,False,Q9BW61
1,SSU72,SSU72,True,Q9NP77
2,MPHOSPH10,MPHOSPH10,False,O00566
4,UTP3,SAS10,False,Q9NQZ2
Y,DDX3Y,DDX3Y,False,O15523
11,SSH3,SSH3,False,Q8TE77
1,RBMXL1,RBMXL1,True,Q96E39
16,RSL1D1,CSIG,True,O76021
17,CNTROB,LIP8,False,Q8N137
12,PPP1CC,PPP1CC,True,P36873
3,DVL3,DVL3,False,Q92997
17,LRRC45,LRRC45,False,Q96CN5
4,ABCG2,ABCG2,True,Q9UNQ0
,ITGA2,ITGA2,,P17301
12,FGF23,FGF23,True,Q9GZV9
19,HRC,HRC,True,P23327
14,ACIN1,acinus,True,Q9UKV3
14,LGMN,LGMN,True,Q99538
,CDK11B,CDK11B iso12,,P21127-12
15,SMAD6,SMAD6,False,O43541
22,EIF4ENIF1,4E-T,True,Q9NRA8
12,ATN1,DRPLA,False,P54259
1,SFN,14-3-3 sigma,False,P31947
19,JUND,JunD,True,P17535
22,ARHGAP8,ARHGAP8,False,P85298
12,DIABLO,DIABLO,True,Q9NR28
22,DGCR8,DGCR8,False,Q8WYQ5
15,NEIL1,NEIL1,False,Q96FI4
4,AIMP1,SCYE1,False,Q12904
19,SIRT6,SIRT6,True,Q8N6T7
7,SND1,SND1,False,Q7KZF4
20,YWHAB,14-3-3 beta,False,P31946
3,DCP1A,DCP1A,True,Q9NPI6
18,SYT4,SYT4,True,Q9H2B2
12,NFE2,NF-E2,True,Q16621
X,ATP7A,ATP7A,False,Q04656
1,PKP1,plakophilin 1,False,Q13835
22,CBY1,CBY1,False,Q9Y3M2
,GATA6,GATA6 iso2,,Q92908-2
7,FLNC,FLNC,False,Q14315
15,EDC3,EDC3,True,Q96F86
10,ANKRD2,ANKRD2,False,Q9GZV1
12,C2CD5,CDP138,True,Q86YS7
4,SH3RF1,SH3RF1,True,Q7Z6J0
10,PPIF,PPIF,False,P30405
17,GRN,GRN,False,P28799
5,MSX2,MSX2,False,P35548
6,IBTK,IBTK,True,Q9P2D0
1,EPB41,EPB41 iso4,False,P11171-4
11,TYR,TYR,False,P14679
19,ILF3,NFAT90,False,Q12906
12,MYL2,MRLC2V,True,P10916
13,ARHGEF7,ARHGEF7,False,Q14155
,APTX,APTX,,Q7Z2E3
11,RBM4,RBM4,False,Q9BWF3
1,RBM8A,RBM8A,True,Q9Y5S9
1,PHGDH,PHGDH,False,O43175
19,STK11,LKB1 iso2,False,Q15831-2
15,AQP9,AQP9,False,O43315
19,PIAS4,PIAS4,False,Q8N2W9
9,STOML2,SLP-2,True,Q9UJZ1
21,ADARB1,RED1,False,P78563
1,NR0B2,NR0B2,True,Q15466
8,GEM,GEM,True,P55040
20,ELMO2,ELMO2,True,Q96JJ3
12,TBX3,TBX3,True,O15119
2,ATIC,ATIC,False,P31939
9,VAV2,VAV2,True,P52735
12,GPRC5A,RAIG1,False,Q8NFJ5
15,USP8,USP8,False,P40818
10,SCD,SCD,False,O00767
9,FAM129B,FAM129B,True,Q96TA1
7,HIP1,HIP1,True,O00291
19,KCNN1,KCNN1,False,Q92952
3,,PPAR-gamma iso2,False,P37231-2
2,ARHGAP15,ARHGAP15,False,Q53QZ3
10,CASP7,CASP7,False,P55210
22,ATF4,ATF-4,False,P18848
10,AFAP1L2,AFAP1L2,True,Q8N4X5
,ALYREF,THOC4,,Q86V81
12,KDM5A,JARID1A,True,P29375
20,RALGAPA2,RALGAPA2,True,Q2PPJ7
10,ZRANB1,ZRANB1,False,Q9UGI0
3,MITF,MITF,False,O75030
,WT1,WT1 iso7,,P19544-7
4,RPS3A,RPS3A,False,P61247
11,CDKN1C,p57Kip2,True,P49918
20,PHF20,PHF20,False,Q9BVI0
19,TMIGD2,IGPR-1,True,Q96BF3
1,PYGO2,PYGO2,True,Q9BRQ0
9,INVS,INVS,False,Q9Y283
6,SRSF3,SFRS3,False,P84103
8,KAT6A,MYST3,True,Q92794
1,RNF11,RNF11,False,Q9Y3C5
17,ACAP1,CENTB1,False,Q15027
3,USP4,USP4,True,Q13107
11,ARFIP2,arfaptin 2,True,P53365
6,TBC1D7,TBC1D7,True,Q9P0N9
CHR_HG1_PATCH,LTB4R2,LTB4R2,False,Q9NPC1
19,UBE2S,UBE2S,True,Q16763
3,TKT,TKT,True,P29401
2,CDCA7,CDCA7,False,Q9BWT1
7,ZYX,Zyxin,False,Q15942
,RGCC,RGC32 iso2,,Q9H4X1-2
1,SYTL1,SYTL1,False,Q8IYJ3
14,PACS2,PACS2,False,Q86VP3
1,S1PR1,EDG-1,False,P21453
19,BABAM1,NBA1,False,Q9NWV8
1,HIST2H3D,HIST2H3A/C/D,True,Q71DI3
8,EYA1,EYA1,True,Q99502
1,FAM129A,FAM129A,True,Q9BZQ8
,KCNH2,Kv11.1 iso5,,Q12809_VAR_014388
19,DOCK6,DOCK6,True,Q96HP0
9,RPL7A,RPL7A,False,P62424
10,VDAC2,VDAC2,False,P45880
1,PEA15,PEA-15,False,Q15121
21,TTC3,TTC3,False,P53804
22,HMOX1,HMOX1,False,P09601
10,ARHGAP22,ARHGAP22,True,Q7Z5H3
22,CSF2RB,CSF2RB,False,P32927
8,LY96,LY96,False,Q9Y6Y9
1,PPP1R8,NIPP-1,False,Q12972
7,PPP1R3A,PPP1R3A,True,Q16821
2,FOXN2,FOXN2,False,P32314
5,SLC9A3,NHE3,True,P48764
1,SV2A,SV2A,True,Q7L0J3
11,TIRAP,TIRAP,False,P58753
5,DDX41,DDX41,True,Q9UJV9
4,CASP6,CASP6,True,P55212
