uniprot|react_id|reaction_text
P31749|1|ATP + L-seryl-[protein] = ADP + H(+) + O-phospho-L-seryl-[protein]
P31749|2|ATP + L-threonyl-[protein] = ADP + H(+) + O-phospho-L-threonyl-[protein]
P31751|1|ATP + L-seryl-[protein] = ADP + H(+) + O-phospho-L-seryl-[protein]
P31751|2|ATP + L-threonyl-[protein] = ADP + H(+) + O-phospho-L-threonyl-[protein]
Q9Y243|1|ATP + L-seryl-[protein] = ADP + H(+) + O-phospho-L-seryl-[protein]
Q9Y243|2|ATP + L-threonyl-[protein] = ADP + H(+) + O-phospho-L-threonyl-[protein]
Q5VT25|1|ATP + L-seryl-[protein] = ADP + H(+) + O-phospho-L-seryl-[protein]
Q5VT25|2|ATP + L-threonyl-[protein] = ADP + H(+) + O-phospho-L-threonyl-[protein]
Q9Y5S2|1|ATP + L-seryl-[protein] = ADP + H(+) + O-phospho-L-seryl-[protein]
Q9Y5S2|2|ATP + L-threonyl-[protein] = ADP + H(+) + O-phospho-L-threonyl-[protein]
Q6DT37|1|ATP + L-seryl-[protein] = ADP + H(+) + O-phospho-L-seryl-[protein]
Q6DT37|2|ATP + L-threonyl-[protein] = ADP + H(+) + O-phospho-L-threonyl-[protein]
O14578|1|ATP + L-seryl-[protein] = ADP + H(+) + O-phospho-L-seryl-[protein]
O14578|2|ATP + L-threonyl-[protein] = ADP + H(+) + O-phospho-L-threonyl-[protein]
Q09013|1|ATP + L-seryl-[protein] = ADP + H(+) + O-phospho-L-seryl-[protein]
Q09013|2|ATP + L-threonyl-[protein] = ADP + H(+) + O-phospho-L-threonyl-[protein]
Q15835|1|[rhodopsin]-L-threonine + ATP = [rhodopsin]-O-phospho-L-threonine + ADP + H(+)
Q15835|2|[rhodopsin]-L-serine + ATP = [rhodopsin]-O-phospho-L-serine + ADP + H(+)
P25098|1|[beta-adrenergic receptor] + ATP = [beta-adrenergic receptor]-phosphate + ADP + H(+)
P35626|1|[beta-adrenergic receptor] + ATP = [beta-adrenergic receptor]-phosphate + ADP + H(+)
P32298|1|[G-protein-coupled receptor] + ATP = [G-protein-coupled receptor]-phosphate + ADP + H(+)
P34947|1|[G-protein-coupled receptor] + ATP = [G-protein-coupled receptor]-phosphate + ADP + H(+)
P43250|1|[G-protein-coupled receptor] + ATP = [G-protein-coupled receptor]-phosphate + ADP + H(+)
Q8WTQ7|1|[rhodopsin]-L-threonine + ATP = [rhodopsin]-O-phospho-L-threonine + ADP + H(+)
Q8WTQ7|2|[rhodopsin]-L-serine + ATP = [rhodopsin]-O-phospho-L-serine + ADP + H(+)
O95835|1|ATP + L-seryl-[protein] = ADP + H(+) + O-phospho-L-seryl-[protein]
O95835|2|ATP + L-threonyl-[protein] = ADP + H(+) + O-phospho-L-threonyl-[protein]
Q9NRM7|1|ATP + L-seryl-[protein] = ADP + H(+) + O-phospho-L-seryl-[protein]
Q9NRM7|2|ATP + L-threonyl-[protein] = ADP + H(+) + O-phospho-L-threonyl-[protein]
Q9Y2H9|1|ATP + L-seryl-[protein] = ADP + H(+) + O-phospho-L-seryl-[protein]
Q9Y2H9|2|ATP + L-threonyl-[protein] = ADP + H(+) + O-phospho-L-threonyl-[protein]
Q6P0Q8|1|ATP + L-seryl-[protein] = ADP + H(+) + O-phospho-L-seryl-[protein]
Q6P0Q8|2|ATP + L-threonyl-[protein] = ADP + H(+) + O-phospho-L-threonyl-[protein]
O60307|1|ATP + L-seryl-[protein] = ADP + H(+) + O-phospho-L-seryl-[protein]
O60307|2|ATP + L-threonyl-[protein] = ADP + H(+) + O-phospho-L-threonyl-[protein]
O15021|1|ATP + L-seryl-[protein] = ADP + H(+) + O-phospho-L-seryl-[protein]
O15021|2|ATP + L-threonyl-[protein] = ADP + H(+) + O-phospho-L-threonyl-[protein]
Q96GX5|1|ATP + L-seryl-[protein] = ADP + H(+) + O-phospho-L-seryl-[protein]
Q96GX5|2|ATP + L-threonyl-[protein] = ADP + H(+) + O-phospho-L-threonyl-[protein]
O15530|1|ATP + L-seryl-[protein] = ADP + H(+) + O-phospho-L-seryl-[protein]
O15530|2|ATP + L-threonyl-[protein] = ADP + H(+) + O-phospho-L-threonyl-[protein]
Q6A1A2|1|ATP + L-seryl-[protein] = ADP + H(+) + O-phospho-L-seryl-[protein]
Q6A1A2|2|ATP + L-threonyl-[protein] = ADP + H(+) + O-phospho-L-threonyl-[protein]
Q16512|1|ATP + L-seryl-[protein] = ADP + H(+) + O-phospho-L-seryl-[protein]
Q16512|2|ATP + L-threonyl-[protein] = ADP + H(+) + O-phospho-L-threonyl-[protein]
Q16513|1|ATP + L-seryl-[protein] = ADP + H(+) + O-phospho-L-seryl-[protein]
Q16513|2|ATP + L-threonyl-[protein] = ADP + H(+) + O-phospho-L-threonyl-[protein]
Q6P5Z2|1|ATP + L-seryl-[protein] = ADP + H(+) + O-phospho-L-seryl-[protein]
Q6P5Z2|2|ATP + L-threonyl-[protein] = ADP + H(+) + O-phospho-L-threonyl-[protein]
P17612|1|ATP + L-seryl-[protein] = ADP + H(+) + O-phospho-L-seryl-[protein]
P17612|2|ATP + L-threonyl-[protein] = ADP + H(+) + O-phospho-L-threonyl-[protein]
P22694|1|ATP + L-seryl-[protein] = ADP + H(+) + O-phospho-L-seryl-[protein]
P22694|2|ATP + L-threonyl-[protein] = ADP + H(+) + O-phospho-L-threonyl-[protein]
P22612|1|ATP + L-seryl-[protein] = ADP + H(+) + O-phospho-L-seryl-[protein]
P22612|2|ATP + L-threonyl-[protein] = ADP + H(+) + O-phospho-L-threonyl-[protein]
P17252|1|ATP + L-seryl-[protein] = ADP + H(+) + O-phospho-L-seryl-[protein]
P17252|2|ATP + L-threonyl-[protein] = ADP + H(+) + O-phospho-L-threonyl-[protein]
P05771|1|ATP + L-seryl-[protein] = ADP + H(+) + O-phospho-L-seryl-[protein]
P05771|2|ATP + L-threonyl-[protein] = ADP + H(+) + O-phospho-L-threonyl-[protein]
Q05655|1|ATP + L-seryl-[protein] = ADP + H(+) + O-phospho-L-seryl-[protein]
Q05655|2|ATP + L-threonyl-[protein] = ADP + H(+) + O-phospho-L-threonyl-[protein]
Q05655|3|ATP + L-tyrosyl-[protein] = ADP + H(+) + O-phospho-L-tyrosyl-[protein]
Q02156|1|ATP + L-seryl-[protein] = ADP + H(+) + O-phospho-L-seryl-[protein]
Q02156|2|ATP + L-threonyl-[protein] = ADP + H(+) + O-phospho-L-threonyl-[protein]
P05129|1|ATP + L-seryl-[protein] = ADP + H(+) + O-phospho-L-seryl-[protein]
P05129|2|ATP + L-threonyl-[protein] = ADP + H(+) + O-phospho-L-threonyl-[protein]
P24723|1|ATP + L-seryl-[protein] = ADP + H(+) + O-phospho-L-seryl-[protein]
P24723|2|ATP + L-threonyl-[protein] = ADP + H(+) + O-phospho-L-threonyl-[protein]
P41743|1|ATP + L-seryl-[protein] = ADP + H(+) + O-phospho-L-seryl-[protein]
P41743|2|ATP + L-threonyl-[protein] = ADP + H(+) + O-phospho-L-threonyl-[protein]
Q04759|1|ATP + L-seryl-[protein] = ADP + H(+) + O-phospho-L-seryl-[protein]
Q04759|2|ATP + L-threonyl-[protein] = ADP + H(+) + O-phospho-L-threonyl-[protein]
Q05513|1|ATP + L-seryl-[protein] = ADP + H(+) + O-phospho-L-seryl-[protein]
Q05513|2|ATP + L-threonyl-[protein] = ADP + H(+) + O-phospho-L-threonyl-[protein]
Q13976|1|ATP + L-seryl-[protein] = ADP + H(+) + O-phospho-L-seryl-[protein]
Q13976|2|ATP + L-threonyl-[protein] = ADP + H(+) + O-phospho-L-threonyl-[protein]
Q13237|1|ATP + L-seryl-[protein] = ADP + H(+) + O-phospho-L-seryl-[protein]
Q13237|2|ATP + L-threonyl-[protein] = ADP + H(+) + O-phospho-L-threonyl-[protein]
P51817|1|ATP + L-seryl-[protein] = ADP + H(+) + O-phospho-L-seryl-[protein]
P51817|2|ATP + L-threonyl-[protein] = ADP + H(+) + O-phospho-L-threonyl-[protein]
O43930|1|ATP + L-seryl-[protein] = ADP + H(+) + O-phospho-L-seryl-[protein]
O43930|2|ATP + L-threonyl-[protein] = ADP + H(+) + O-phospho-L-threonyl-[protein]
Q13464|1|ATP + L-seryl-[protein] = ADP + H(+) + O-phospho-L-seryl-[protein]
Q13464|2|ATP + L-threonyl-[protein] = ADP + H(+) + O-phospho-L-threonyl-[protein]
O75116|1|ATP + L-seryl-[protein] = ADP + H(+) + O-phospho-L-seryl-[protein]
O75116|2|ATP + L-threonyl-[protein] = ADP + H(+) + O-phospho-L-threonyl-[protein]
Q15418|1|ATP + L-seryl-[protein] = ADP + H(+) + O-phospho-L-seryl-[protein]
Q15418|2|ATP + L-threonyl-[protein] = ADP + H(+) + O-phospho-L-threonyl-[protein]
Q15349|1|ATP + L-seryl-[protein] = ADP + H(+) + O-phospho-L-seryl-[protein]
Q15349|2|ATP + L-threonyl-[protein] = ADP + H(+) + O-phospho-L-threonyl-[protein]
P51812|1|ATP + L-seryl-[protein] = ADP + H(+) + O-phospho-L-seryl-[protein]
P51812|2|ATP + L-threonyl-[protein] = ADP + H(+) + O-phospho-L-threonyl-[protein]
O75676|1|ATP + L-seryl-[protein] = ADP + H(+) + O-phospho-L-seryl-[protein]
O75676|2|ATP + L-threonyl-[protein] = ADP + H(+) + O-phospho-L-threonyl-[protein]
O75582|1|ATP + L-seryl-[protein] = ADP + H(+) + O-phospho-L-seryl-[protein]
O75582|2|ATP + L-threonyl-[protein] = ADP + H(+) + O-phospho-L-threonyl-[protein]
Q9UK32|1|ATP + L-seryl-[protein] = ADP + H(+) + O-phospho-L-seryl-[protein]
Q9UK32|2|ATP + L-threonyl-[protein] = ADP + H(+) + O-phospho-L-threonyl-[protein]
P23443|1|ATP + L-seryl-[protein] = ADP + H(+) + O-phospho-L-seryl-[protein]
P23443|2|ATP + L-threonyl-[protein] = ADP + H(+) + O-phospho-L-threonyl-[protein]
Q9UBS0|1|ATP + L-seryl-[protein] = ADP + H(+) + O-phospho-L-seryl-[protein]
Q9UBS0|2|ATP + L-threonyl-[protein] = ADP + H(+) + O-phospho-L-threonyl-[protein]
O00141|1|ATP + L-seryl-[protein] = ADP + H(+) + O-phospho-L-seryl-[protein]
O00141|2|ATP + L-threonyl-[protein] = ADP + H(+) + O-phospho-L-threonyl-[protein]
Q9HBY8|1|ATP + L-seryl-[protein] = ADP + H(+) + O-phospho-L-seryl-[protein]
Q9HBY8|2|ATP + L-threonyl-[protein] = ADP + H(+) + O-phospho-L-threonyl-[protein]
Q96BR1|1|ATP + L-seryl-[protein] = ADP + H(+) + O-phospho-L-seryl-[protein]
Q96BR1|2|ATP + L-threonyl-[protein] = ADP + H(+) + O-phospho-L-threonyl-[protein]
Q15208|1|ATP + L-seryl-[protein] = ADP + H(+) + O-phospho-L-seryl-[protein]
Q15208|2|ATP + L-threonyl-[protein] = ADP + H(+) + O-phospho-L-threonyl-[protein]
Q9Y2H1|1|ATP + L-seryl-[protein] = ADP + H(+) + O-phospho-L-seryl-[protein]
Q9Y2H1|2|ATP + L-threonyl-[protein] = ADP + H(+) + O-phospho-L-threonyl-[protein]
Q8TDC3|1|ATP + L-seryl-[protein] = ADP + H(+) + O-phospho-L-seryl-[protein]
Q8TDC3|2|ATP + L-threonyl-[protein] = ADP + H(+) + O-phospho-L-threonyl-[protein]
Q8TDC3|3|[tau protein]-L-serine + ATP = [tau protein]-O-phospho-L-serine + ADP + H(+)
Q8TDC3|4|[tau protein]-L-threonine + ATP = [tau protein]-O-phospho-L-threonine + ADP + H(+)
Q8IWQ3|1|ATP + L-seryl-[protein] = ADP + H(+) + O-phospho-L-seryl-[protein]
Q8IWQ3|2|ATP + L-threonyl-[protein] = ADP + H(+) + O-phospho-L-threonyl-[protein]
Q8IWQ3|3|[tau protein]-L-serine + ATP = [tau protein]-O-phospho-L-serine + ADP + H(+)
Q8IWQ3|4|[tau protein]-L-threonine + ATP = [tau protein]-O-phospho-L-threonine + ADP + H(+)
Q14012|1|ATP + L-seryl-[protein] = ADP + H(+) + O-phospho-L-seryl-[protein]
Q14012|2|ATP + L-threonyl-[protein] = ADP + H(+) + O-phospho-L-threonyl-[protein]
Q8IU85|1|ATP + L-seryl-[protein] = ADP + H(+) + O-phospho-L-seryl-[protein]
Q8IU85|2|ATP + L-threonyl-[protein] = ADP + H(+) + O-phospho-L-threonyl-[protein]
Q96NX5|1|ATP + L-seryl-[protein] = ADP + H(+) + O-phospho-L-seryl-[protein]
Q96NX5|2|ATP + L-threonyl-[protein] = ADP + H(+) + O-phospho-L-threonyl-[protein]
Q9UQM7|1|ATP + L-seryl-[protein] = ADP + H(+) + O-phospho-L-seryl-[protein]
Q9UQM7|2|ATP + L-threonyl-[protein] = ADP + H(+) + O-phospho-L-threonyl-[protein]
Q13554|1|ATP + L-seryl-[protein] = ADP + H(+) + O-phospho-L-seryl-[protein]
Q13554|2|ATP + L-threonyl-[protein] = ADP + H(+) + O-phospho-L-threonyl-[protein]
Q13557|1|ATP + L-seryl-[protein] = ADP + H(+) + O-phospho-L-seryl-[protein]
Q13557|2|ATP + L-threonyl-[protein] = ADP + H(+) + O-phospho-L-threonyl-[protein]
Q13555|1|ATP + L-seryl-[protein] = ADP + H(+) + O-phospho-L-seryl-[protein]
Q13555|2|ATP + L-threonyl-[protein] = ADP + H(+) + O-phospho-L-threonyl-[protein]
Q16566|1|ATP + L-seryl-[protein] = ADP + H(+) + O-phospho-L-seryl-[protein]
Q16566|2|ATP + L-threonyl-[protein] = ADP + H(+) + O-phospho-L-threonyl-[protein]
O14936|1|ATP + L-seryl-[protein] = ADP + H(+) + O-phospho-L-seryl-[protein]
O14936|2|ATP + L-threonyl-[protein] = ADP + H(+) + O-phospho-L-threonyl-[protein]
O14757|1|ATP + L-seryl-[protein] = ADP + H(+) + O-phospho-L-seryl-[protein]
O14757|2|ATP + L-threonyl-[protein] = ADP + H(+) + O-phospho-L-threonyl-[protein]
O96017|1|ATP + L-seryl-[protein] = ADP + H(+) + O-phospho-L-seryl-[protein]
O96017|2|ATP + L-threonyl-[protein] = ADP + H(+) + O-phospho-L-threonyl-[protein]
P53355|1|ATP + L-seryl-[protein] = ADP + H(+) + O-phospho-L-seryl-[protein]
P53355|2|ATP + L-threonyl-[protein] = ADP + H(+) + O-phospho-L-threonyl-[protein]
Q9UIK4|1|ATP + L-seryl-[protein] = ADP + H(+) + O-phospho-L-seryl-[protein]
Q9UIK4|2|ATP + L-threonyl-[protein] = ADP + H(+) + O-phospho-L-threonyl-[protein]
O43293|1|ATP + L-seryl-[protein] = ADP + H(+) + O-phospho-L-seryl-[protein]
O43293|2|ATP + L-threonyl-[protein] = ADP + H(+) + O-phospho-L-threonyl-[protein]
O15075|1|ATP + L-seryl-[protein] = ADP + H(+) + O-phospho-L-seryl-[protein]
O15075|2|ATP + L-threonyl-[protein] = ADP + H(+) + O-phospho-L-threonyl-[protein]
Q8N568|1|ATP + L-seryl-[protein] = ADP + H(+) + O-phospho-L-seryl-[protein]
Q8N568|2|ATP + L-threonyl-[protein] = ADP + H(+) + O-phospho-L-threonyl-[protein]
Q9C098|1|ATP + L-seryl-[protein] = ADP + H(+) + O-phospho-L-seryl-[protein]
Q9C098|2|ATP + L-threonyl-[protein] = ADP + H(+) + O-phospho-L-threonyl-[protein]
P57058|1|ATP + L-seryl-[protein] = ADP + H(+) + O-phospho-L-seryl-[protein]
P57058|2|ATP + L-threonyl-[protein] = ADP + H(+) + O-phospho-L-threonyl-[protein]
O60229|1|ATP + L-seryl-[protein] = ADP + H(+) + O-phospho-L-seryl-[protein]
O60229|2|ATP + L-threonyl-[protein] = ADP + H(+) + O-phospho-L-threonyl-[protein]
P49137|1|ATP + L-seryl-[protein] = ADP + H(+) + O-phospho-L-seryl-[protein]
P49137|2|ATP + L-threonyl-[protein] = ADP + H(+) + O-phospho-L-threonyl-[protein]
Q16644|1|ATP + L-seryl-[protein] = ADP + H(+) + O-phospho-L-seryl-[protein]
Q16644|2|ATP + L-threonyl-[protein] = ADP + H(+) + O-phospho-L-threonyl-[protein]
Q8IW41|1|ATP + L-seryl-[protein] = ADP + H(+) + O-phospho-L-seryl-[protein]
Q8IW41|2|ATP + L-threonyl-[protein] = ADP + H(+) + O-phospho-L-threonyl-[protein]
Q9P0L2|1|ATP + L-seryl-[protein] = ADP + H(+) + O-phospho-L-seryl-[protein]
Q9P0L2|2|ATP + L-threonyl-[protein] = ADP + H(+) + O-phospho-L-threonyl-[protein]
Q9P0L2|3|[tau protein]-L-serine + ATP = [tau protein]-O-phospho-L-serine + ADP + H(+)
Q9P0L2|4|[tau protein]-L-threonine + ATP = [tau protein]-O-phospho-L-threonine + ADP + H(+)
Q7KZI7|1|ATP + L-seryl-[protein] = ADP + H(+) + O-phospho-L-seryl-[protein]
Q7KZI7|2|ATP + L-threonyl-[protein] = ADP + H(+) + O-phospho-L-threonyl-[protein]
Q7KZI7|3|[tau protein]-L-serine + ATP = [tau protein]-O-phospho-L-serine + ADP + H(+)
Q7KZI7|4|[tau protein]-L-threonine + ATP = [tau protein]-O-phospho-L-threonine + ADP + H(+)
P27448|1|ATP + L-seryl-[protein] = ADP + H(+) + O-phospho-L-seryl-[protein]
P27448|2|ATP + L-threonyl-[protein] = ADP + H(+) + O-phospho-L-threonyl-[protein]
Q96L34|1|ATP + L-seryl-[protein] = ADP + H(+) + O-phospho-L-seryl-[protein]
Q96L34|2|ATP + L-threonyl-[protein] = ADP + H(+) + O-phospho-L-threonyl-[protein]
Q14680|1|ATP + L-tyrosyl-[protein] = ADP + H(+) + O-phospho-L-tyrosyl-[protein]
Q14680|2|ATP + L-seryl-[protein] = ADP + H(+) + O-phospho-L-seryl-[protein]
Q14680|3|ATP + L-threonyl-[protein] = ADP + H(+) + O-phospho-L-threonyl-[protein]
Q9BUB5|1|ATP + L-seryl-[protein] = ADP + H(+) + O-phospho-L-seryl-[protein]
Q9BUB5|2|ATP + L-threonyl-[protein] = ADP + H(+) + O-phospho-L-threonyl-[protein]
Q9HBH9|1|ATP + L-seryl-[protein] = ADP + H(+) + O-phospho-L-seryl-[protein]
Q9HBH9|2|ATP + L-threonyl-[protein] = ADP + H(+) + O-phospho-L-threonyl-[protein]
Q15746|1|[myosin light chain]-L-serine + ATP = [myosin light chain]-O-phospho-L-serine + ADP + H(+)
Q15746|2|[myosin light chain]-L-threonine + ATP = [myosin light chain]-O-phospho-L-threonine + ADP + H(+)
Q9H1R3|1|[myosin light chain]-L-serine + ATP = [myosin light chain]-O-phospho-L-serine + ADP + H(+)
Q9H1R3|2|[myosin light chain]-L-threonine + ATP = [myosin light chain]-O-phospho-L-threonine + ADP + H(+)
Q32MK0|1|[myosin light chain]-L-serine + ATP = [myosin light chain]-O-phospho-L-serine + ADP + H(+)
Q32MK0|2|[myosin light chain]-L-threonine + ATP = [myosin light chain]-O-phospho-L-threonine + ADP + H(+)
Q86YV6|1|ATP + L-seryl-[protein] = ADP + H(+) + O-phospho-L-seryl-[protein]
Q86YV6|2|ATP + L-threonyl-[protein] = ADP + H(+) + O-phospho-L-threonyl-[protein]
Q8IY84|1|ATP + L-seryl-[protein] = ADP + H(+) + O-phospho-L-seryl-[protein]
Q8IY84|2|ATP + L-threonyl-[protein] = ADP + H(+) + O-phospho-L-threonyl-[protein]
O60285|1|ATP + L-seryl-[protein] = ADP + H(+) + O-phospho-L-seryl-[protein]
O60285|2|ATP + L-threonyl-[protein] = ADP + H(+) + O-phospho-L-threonyl-[protein]
Q9H093|1|ATP + L-seryl-[protein] = ADP + H(+) + O-phospho-L-seryl-[protein]
Q9H093|2|ATP + L-threonyl-[protein] = ADP + H(+) + O-phospho-L-threonyl-[protein]
Q5VST9|1|ATP + L-seryl-[protein] = ADP + H(+) + O-phospho-L-seryl-[protein]
Q5VST9|2|ATP + L-threonyl-[protein] = ADP + H(+) + O-phospho-L-threonyl-[protein]
Q96RG2|1|ATP + L-seryl-[protein] = ADP + H(+) + O-phospho-L-seryl-[protein]
Q96RG2|2|ATP + L-threonyl-[protein] = ADP + H(+) + O-phospho-L-threonyl-[protein]
Q16816|1|2 ATP + phosphorylase b = 2 ADP + phosphorylase a.
Q16816|2|[tau protein]-L-serine + ATP = [tau protein]-O-phospho-L-serine + ADP + H(+)
Q16816|3|[tau protein]-L-threonine + ATP = [tau protein]-O-phospho-L-threonine + ADP + H(+)
Q16816|4|ATP + L-seryl-[protein] = ADP + H(+) + O-phospho-L-seryl-[protein]
Q16816|5|ATP + L-threonyl-[protein] = ADP + H(+) + O-phospho-L-threonyl-[protein]
P15735|1|2 ATP + phosphorylase b = 2 ADP + phosphorylase a.
P11309|1|ATP + L-seryl-[protein] = ADP + H(+) + O-phospho-L-seryl-[protein]
P11309|2|ATP + L-threonyl-[protein] = ADP + H(+) + O-phospho-L-threonyl-[protein]
Q9P1W9|1|ATP + L-seryl-[protein] = ADP + H(+) + O-phospho-L-seryl-[protein]
Q9P1W9|2|ATP + L-threonyl-[protein] = ADP + H(+) + O-phospho-L-threonyl-[protein]
Q86V86|1|ATP + L-seryl-[protein] = ADP + H(+) + O-phospho-L-seryl-[protein]
Q86V86|2|ATP + L-threonyl-[protein] = ADP + H(+) + O-phospho-L-threonyl-[protein]
Q6P2M8|1|ATP + L-seryl-[protein] = ADP + H(+) + O-phospho-L-seryl-[protein]
Q6P2M8|2|ATP + L-threonyl-[protein] = ADP + H(+) + O-phospho-L-threonyl-[protein]
Q13131|1|ATP + L-seryl-[protein] = ADP + H(+) + O-phospho-L-seryl-[protein]
Q13131|2|ATP + L-threonyl-[protein] = ADP + H(+) + O-phospho-L-threonyl-[protein]
Q13131|3|[acetyl-CoA carboxylase]-L-serine + ATP = [acetyl-CoA carboxylase]-O-phospho-L-serine + ADP + H(+)
Q13131|4|[3-hydroxy-3-methylglutaryl-coenzyme A reductase]-L-serine + ATP = [3-hydroxy-3-methylglutaryl-coenzyme A reductase]-O-phospho-L-serine + ADP + H(+)
Q13131|5|[tau protein]-L-serine + ATP = [tau protein]-O-phospho-L-serine + ADP + H(+)
Q13131|6|[tau protein]-L-threonine + ATP = [tau protein]-O-phospho-L-threonine + ADP + H(+)
P54646|1|ATP + L-seryl-[protein] = ADP + H(+) + O-phospho-L-seryl-[protein]
P54646|2|ATP + L-threonyl-[protein] = ADP + H(+) + O-phospho-L-threonyl-[protein]
P54646|3|[acetyl-CoA carboxylase]-L-serine + ATP = [acetyl-CoA carboxylase]-O-phospho-L-serine + ADP + H(+)
P54646|4|[3-hydroxy-3-methylglutaryl-coenzyme A reductase]-L-serine + ATP = [3-hydroxy-3-methylglutaryl-coenzyme A reductase]-O-phospho-L-serine + ADP + H(+)
Q15139|1|ATP + L-seryl-[protein] = ADP + H(+) + O-phospho-L-seryl-[protein]
Q15139|2|ATP + L-threonyl-[protein] = ADP + H(+) + O-phospho-L-threonyl-[protein]
Q9BZL6|1|ATP + L-seryl-[protein] = ADP + H(+) + O-phospho-L-seryl-[protein]
Q9BZL6|2|ATP + L-threonyl-[protein] = ADP + H(+) + O-phospho-L-threonyl-[protein]
O94806|1|ATP + L-seryl-[protein] = ADP + H(+) + O-phospho-L-seryl-[protein]
O94806|2|ATP + L-threonyl-[protein] = ADP + H(+) + O-phospho-L-threonyl-[protein]
P11801|1|ATP + L-seryl-[protein] = ADP + H(+) + O-phospho-L-seryl-[protein]
P11801|2|ATP + L-threonyl-[protein] = ADP + H(+) + O-phospho-L-threonyl-[protein]
Q96QS6|1|ATP + L-seryl-[protein] = ADP + H(+) + O-phospho-L-seryl-[protein]
Q96QS6|2|ATP + L-threonyl-[protein] = ADP + H(+) + O-phospho-L-threonyl-[protein]
P57059|1|ATP + L-seryl-[protein] = ADP + H(+) + O-phospho-L-seryl-[protein]
P57059|2|ATP + L-threonyl-[protein] = ADP + H(+) + O-phospho-L-threonyl-[protein]
A0A0B4J2F2|1|ATP + L-seryl-[protein] = ADP + H(+) + O-phospho-L-seryl-[protein]
A0A0B4J2F2|2|ATP + L-threonyl-[protein] = ADP + H(+) + O-phospho-L-threonyl-[protein]
Q9H0K1|1|ATP + L-seryl-[protein] = ADP + H(+) + O-phospho-L-seryl-[protein]
Q9H0K1|2|ATP + L-threonyl-[protein] = ADP + H(+) + O-phospho-L-threonyl-[protein]
Q9Y2K2|1|ATP + L-seryl-[protein] = ADP + H(+) + O-phospho-L-seryl-[protein]
Q9Y2K2|2|ATP + L-threonyl-[protein] = ADP + H(+) + O-phospho-L-threonyl-[protein]
Q9NRH2|1|ATP + L-seryl-[protein] = ADP + H(+) + O-phospho-L-seryl-[protein]
Q9NRH2|2|ATP + L-threonyl-[protein] = ADP + H(+) + O-phospho-L-threonyl-[protein]
Q15772|1|ATP + L-seryl-[protein] = ADP + H(+) + O-phospho-L-seryl-[protein]
Q15772|2|ATP + L-threonyl-[protein] = ADP + H(+) + O-phospho-L-threonyl-[protein]
Q15831|1|ATP + L-seryl-[protein] = ADP + H(+) + O-phospho-L-seryl-[protein]
Q15831|2|ATP + L-threonyl-[protein] = ADP + H(+) + O-phospho-L-threonyl-[protein]
Q9UEE5|1|ATP + L-seryl-[protein] = ADP + H(+) + O-phospho-L-seryl-[protein]
Q9UEE5|2|ATP + L-threonyl-[protein] = ADP + H(+) + O-phospho-L-threonyl-[protein]
O94768|1|ATP + L-seryl-[protein] = ADP + H(+) + O-phospho-L-seryl-[protein]
O94768|2|ATP + L-threonyl-[protein] = ADP + H(+) + O-phospho-L-threonyl-[protein]
Q9BYT3|1|ATP + L-seryl-[protein] = ADP + H(+) + O-phospho-L-seryl-[protein]
Q9BYT3|2|ATP + L-threonyl-[protein] = ADP + H(+) + O-phospho-L-threonyl-[protein]
Q8N2I9|1|ATP + L-seryl-[protein] = ADP + H(+) + O-phospho-L-seryl-[protein]
Q8N2I9|2|ATP + L-threonyl-[protein] = ADP + H(+) + O-phospho-L-threonyl-[protein]
O75962|1|ATP + L-seryl-[protein] = ADP + H(+) + O-phospho-L-seryl-[protein]
O75962|2|ATP + L-threonyl-[protein] = ADP + H(+) + O-phospho-L-threonyl-[protein]
Q9BXA7|1|ATP + L-seryl-[protein] = ADP + H(+) + O-phospho-L-seryl-[protein]
Q9BXA7|2|ATP + L-threonyl-[protein] = ADP + H(+) + O-phospho-L-threonyl-[protein]
Q96PF2|1|ATP + L-seryl-[protein] = ADP + H(+) + O-phospho-L-seryl-[protein]
Q96PF2|2|ATP + L-threonyl-[protein] = ADP + H(+) + O-phospho-L-threonyl-[protein]
Q96PN8|1|ATP + L-seryl-[protein] = ADP + H(+) + O-phospho-L-seryl-[protein]
Q96PN8|2|ATP + L-threonyl-[protein] = ADP + H(+) + O-phospho-L-threonyl-[protein]
Q6SA08|1|ATP + L-seryl-[protein] = ADP + H(+) + O-phospho-L-seryl-[protein]
Q6SA08|2|ATP + L-threonyl-[protein] = ADP + H(+) + O-phospho-L-threonyl-[protein]
Q9BXA6|1|ATP + L-seryl-[protein] = ADP + H(+) + O-phospho-L-seryl-[protein]
Q9BXA6|2|ATP + L-threonyl-[protein] = ADP + H(+) + O-phospho-L-threonyl-[protein]
Q8WZ42|1|ATP + L-seryl-[protein] = ADP + H(+) + O-phospho-L-seryl-[protein]
Q8WZ42|2|ATP + L-threonyl-[protein] = ADP + H(+) + O-phospho-L-threonyl-[protein]
P48729|1|ATP + L-seryl-[protein] = ADP + H(+) + O-phospho-L-seryl-[protein]
P48729|2|ATP + L-threonyl-[protein] = ADP + H(+) + O-phospho-L-threonyl-[protein]
Q8N752|1|ATP + L-seryl-[protein] = ADP + H(+) + O-phospho-L-seryl-[protein]
Q8N752|2|ATP + L-threonyl-[protein] = ADP + H(+) + O-phospho-L-threonyl-[protein]
P48730|1|ATP + L-seryl-[protein] = ADP + H(+) + O-phospho-L-seryl-[protein]
P48730|2|ATP + L-threonyl-[protein] = ADP + H(+) + O-phospho-L-threonyl-[protein]
P48730|3|[tau protein]-L-serine + ATP = [tau protein]-O-phospho-L-serine + ADP + H(+)
P48730|4|[tau protein]-L-threonine + ATP = [tau protein]-O-phospho-L-threonine + ADP + H(+)
P49674|1|ATP + L-seryl-[protein] = ADP + H(+) + O-phospho-L-seryl-[protein]
P49674|2|ATP + L-threonyl-[protein] = ADP + H(+) + O-phospho-L-threonyl-[protein]
Q9HCP0|1|ATP + L-seryl-[protein] = ADP + H(+) + O-phospho-L-seryl-[protein]
Q9HCP0|2|ATP + L-threonyl-[protein] = ADP + H(+) + O-phospho-L-threonyl-[protein]
P78368|1|ATP + L-seryl-[protein] = ADP + H(+) + O-phospho-L-seryl-[protein]
P78368|2|ATP + L-threonyl-[protein] = ADP + H(+) + O-phospho-L-threonyl-[protein]
Q9Y6M4|1|ATP + L-seryl-[protein] = ADP + H(+) + O-phospho-L-seryl-[protein]
Q9Y6M4|2|ATP + L-threonyl-[protein] = ADP + H(+) + O-phospho-L-threonyl-[protein]
Q5TCY1|1|ATP + L-seryl-[protein] = ADP + H(+) + O-phospho-L-seryl-[protein]
Q5TCY1|2|ATP + L-threonyl-[protein] = ADP + H(+) + O-phospho-L-threonyl-[protein]
Q6IQ55|1|ATP + L-seryl-[protein] = ADP + H(+) + O-phospho-L-seryl-[protein]
Q6IQ55|2|ATP + L-threonyl-[protein] = ADP + H(+) + O-phospho-L-threonyl-[protein]
Q99986|1|ATP + L-seryl-[protein] = ADP + H(+) + O-phospho-L-seryl-[protein]
Q99986|2|ATP + L-threonyl-[protein] = ADP + H(+) + O-phospho-L-threonyl-[protein]
Q86Y07|1|ATP + L-seryl-[protein] = ADP + H(+) + O-phospho-L-seryl-[protein]
Q86Y07|2|ATP + L-threonyl-[protein] = ADP + H(+) + O-phospho-L-threonyl-[protein]
P06493|1|ATP + L-seryl-[protein] = ADP + H(+) + O-phospho-L-seryl-[protein]
P06493|2|ATP + L-threonyl-[protein] = ADP + H(+) + O-phospho-L-threonyl-[protein]
P06493|3|[DNA-directed RNA polymerase] + ATP = ADP + H(+) + phospho-[DNA-directed RNA polymerase]
Q15131|1|ATP + L-seryl-[protein] = ADP + H(+) + O-phospho-L-seryl-[protein]
Q15131|2|ATP + L-threonyl-[protein] = ADP + H(+) + O-phospho-L-threonyl-[protein]
Q9UQ88|1|ATP + L-seryl-[protein] = ADP + H(+) + O-phospho-L-seryl-[protein]
Q9UQ88|2|ATP + L-threonyl-[protein] = ADP + H(+) + O-phospho-L-threonyl-[protein]
P21127|1|ATP + L-seryl-[protein] = ADP + H(+) + O-phospho-L-seryl-[protein]
P21127|2|ATP + L-threonyl-[protein] = ADP + H(+) + O-phospho-L-threonyl-[protein]
Q9NYV4|1|[DNA-directed RNA polymerase] + ATP = ADP + H(+) + phospho-[DNA-directed RNA polymerase]
Q9NYV4|2|ATP + L-seryl-[protein] = ADP + H(+) + O-phospho-L-seryl-[protein]
Q9NYV4|3|ATP + L-threonyl-[protein] = ADP + H(+) + O-phospho-L-threonyl-[protein]
Q14004|1|[DNA-directed RNA polymerase] + ATP = ADP + H(+) + phospho-[DNA-directed RNA polymerase]
Q14004|2|ATP + L-seryl-[protein] = ADP + H(+) + O-phospho-L-seryl-[protein]
Q14004|3|ATP + L-threonyl-[protein] = ADP + H(+) + O-phospho-L-threonyl-[protein]
O94921|1|ATP + L-seryl-[protein] = ADP + H(+) + O-phospho-L-seryl-[protein]
O94921|2|ATP + L-threonyl-[protein] = ADP + H(+) + O-phospho-L-threonyl-[protein]
Q96Q40|1|ATP + L-seryl-[protein] = ADP + H(+) + O-phospho-L-seryl-[protein]
Q96Q40|2|ATP + L-threonyl-[protein] = ADP + H(+) + O-phospho-L-threonyl-[protein]
Q00536|1|ATP + L-seryl-[protein] = ADP + H(+) + O-phospho-L-seryl-[protein]
Q00536|2|ATP + L-threonyl-[protein] = ADP + H(+) + O-phospho-L-threonyl-[protein]
Q00537|1|ATP + L-seryl-[protein] = ADP + H(+) + O-phospho-L-seryl-[protein]
Q00537|2|ATP + L-threonyl-[protein] = ADP + H(+) + O-phospho-L-threonyl-[protein]
Q07002|1|ATP + L-seryl-[protein] = ADP + H(+) + O-phospho-L-seryl-[protein]
Q07002|2|ATP + L-threonyl-[protein] = ADP + H(+) + O-phospho-L-threonyl-[protein]
Q9BWU1|1|ATP + L-seryl-[protein] = ADP + H(+) + O-phospho-L-seryl-[protein]
Q9BWU1|2|ATP + L-threonyl-[protein] = ADP + H(+) + O-phospho-L-threonyl-[protein]
P24941|1|ATP + L-seryl-[protein] = ADP + H(+) + O-phospho-L-seryl-[protein]
P24941|2|ATP + L-threonyl-[protein] = ADP + H(+) + O-phospho-L-threonyl-[protein]
Q8IZL9|1|ATP + L-seryl-[protein] = ADP + H(+) + O-phospho-L-seryl-[protein]
Q8IZL9|2|ATP + L-threonyl-[protein] = ADP + H(+) + O-phospho-L-threonyl-[protein]
Q00526|1|ATP + L-seryl-[protein] = ADP + H(+) + O-phospho-L-seryl-[protein]
Q00526|2|ATP + L-threonyl-[protein] = ADP + H(+) + O-phospho-L-threonyl-[protein]
P11802|1|ATP + L-seryl-[protein] = ADP + H(+) + O-phospho-L-seryl-[protein]
P11802|2|ATP + L-threonyl-[protein] = ADP + H(+) + O-phospho-L-threonyl-[protein]
Q00535|1|ATP + L-seryl-[protein] = ADP + H(+) + O-phospho-L-seryl-[protein]
Q00535|2|ATP + L-threonyl-[protein] = ADP + H(+) + O-phospho-L-threonyl-[protein]
Q00534|1|ATP + L-seryl-[protein] = ADP + H(+) + O-phospho-L-seryl-[protein]
Q00534|2|ATP + L-threonyl-[protein] = ADP + H(+) + O-phospho-L-threonyl-[protein]
P50613|1|ATP + L-seryl-[protein] = ADP + H(+) + O-phospho-L-seryl-[protein]
P50613|2|ATP + L-threonyl-[protein] = ADP + H(+) + O-phospho-L-threonyl-[protein]
P50613|3|[DNA-directed RNA polymerase] + ATP = ADP + H(+) + phospho-[DNA-directed RNA polymerase]
P49336|1|ATP + L-seryl-[protein] = ADP + H(+) + O-phospho-L-seryl-[protein]
P49336|2|ATP + L-threonyl-[protein] = ADP + H(+) + O-phospho-L-threonyl-[protein]
P49336|3|[DNA-directed RNA polymerase] + ATP = ADP + H(+) + phospho-[DNA-directed RNA polymerase]
P50750|1|ATP + L-seryl-[protein] = ADP + H(+) + O-phospho-L-seryl-[protein]
P50750|2|ATP + L-threonyl-[protein] = ADP + H(+) + O-phospho-L-threonyl-[protein]
P50750|3|[DNA-directed RNA polymerase] + ATP = ADP + H(+) + phospho-[DNA-directed RNA polymerase]
Q00532|1|ATP + L-seryl-[protein] = ADP + H(+) + O-phospho-L-seryl-[protein]
Q00532|2|ATP + L-threonyl-[protein] = ADP + H(+) + O-phospho-L-threonyl-[protein]
Q92772|1|ATP + L-seryl-[protein] = ADP + H(+) + O-phospho-L-seryl-[protein]
Q92772|2|ATP + L-threonyl-[protein] = ADP + H(+) + O-phospho-L-threonyl-[protein]
Q8IVW4|1|ATP + L-seryl-[protein] = ADP + H(+) + O-phospho-L-seryl-[protein]
Q8IVW4|2|ATP + L-threonyl-[protein] = ADP + H(+) + O-phospho-L-threonyl-[protein]
Q5MAI5|1|ATP + L-seryl-[protein] = ADP + H(+) + O-phospho-L-seryl-[protein]
Q5MAI5|2|ATP + L-threonyl-[protein] = ADP + H(+) + O-phospho-L-threonyl-[protein]
O76039|1|ATP + L-seryl-[protein] = ADP + H(+) + O-phospho-L-seryl-[protein]
O76039|2|ATP + L-threonyl-[protein] = ADP + H(+) + O-phospho-L-threonyl-[protein]
P49759|1|ATP + L-seryl-[protein] = ADP + H(+) + O-phospho-L-seryl-[protein]
P49759|2|ATP + L-threonyl-[protein] = ADP + H(+) + O-phospho-L-threonyl-[protein]
P49759|3|ATP + L-tyrosyl-[protein] = ADP + H(+) + O-phospho-L-tyrosyl-[protein]
P49760|1|ATP + L-seryl-[protein] = ADP + H(+) + O-phospho-L-seryl-[protein]
P49760|2|ATP + L-threonyl-[protein] = ADP + H(+) + O-phospho-L-threonyl-[protein]
P49760|3|ATP + L-tyrosyl-[protein] = ADP + H(+) + O-phospho-L-tyrosyl-[protein]
P49761|1|ATP + L-seryl-[protein] = ADP + H(+) + O-phospho-L-seryl-[protein]
P49761|2|ATP + L-threonyl-[protein] = ADP + H(+) + O-phospho-L-threonyl-[protein]
P49761|3|ATP + L-tyrosyl-[protein] = ADP + H(+) + O-phospho-L-tyrosyl-[protein]
Q9HAZ1|1|ATP + L-seryl-[protein] = ADP + H(+) + O-phospho-L-seryl-[protein]
Q9HAZ1|2|ATP + L-threonyl-[protein] = ADP + H(+) + O-phospho-L-threonyl-[protein]
Q9HAZ1|3|ATP + L-tyrosyl-[protein] = ADP + H(+) + O-phospho-L-tyrosyl-[protein]
Q13627|1|ATP + L-seryl-[protein] = ADP + H(+) + O-phospho-L-seryl-[protein]
Q13627|2|ATP + L-threonyl-[protein] = ADP + H(+) + O-phospho-L-threonyl-[protein]
Q13627|3|ATP + L-tyrosyl-[protein] = ADP + H(+) + O-phospho-L-tyrosyl-[protein]
Q9Y463|1|ATP + L-seryl-[protein] = ADP + H(+) + O-phospho-L-seryl-[protein]
Q9Y463|2|ATP + L-threonyl-[protein] = ADP + H(+) + O-phospho-L-threonyl-[protein]
Q9Y463|3|ATP + L-tyrosyl-[protein] = ADP + H(+) + O-phospho-L-tyrosyl-[protein]
Q92630|1|ATP + L-seryl-[protein] = ADP + H(+) + O-phospho-L-seryl-[protein]
Q92630|2|ATP + L-threonyl-[protein] = ADP + H(+) + O-phospho-L-threonyl-[protein]
Q92630|3|ATP + L-tyrosyl-[protein] = ADP + H(+) + O-phospho-L-tyrosyl-[protein]
O43781|1|ATP + L-seryl-[protein] = ADP + H(+) + O-phospho-L-seryl-[protein]
O43781|2|ATP + L-threonyl-[protein] = ADP + H(+) + O-phospho-L-threonyl-[protein]
O43781|3|ATP + L-tyrosyl-[protein] = ADP + H(+) + O-phospho-L-tyrosyl-[protein]
Q9NR20|1|ATP + L-seryl-[protein] = ADP + H(+) + O-phospho-L-seryl-[protein]
Q9NR20|2|ATP + L-threonyl-[protein] = ADP + H(+) + O-phospho-L-threonyl-[protein]
Q9NR20|3|ATP + L-tyrosyl-[protein] = ADP + H(+) + O-phospho-L-tyrosyl-[protein]
P49840|1|[tau protein]-L-serine + ATP = [tau protein]-O-phospho-L-serine + ADP + H(+)
P49840|2|[tau protein]-L-threonine + ATP = [tau protein]-O-phospho-L-threonine + ADP + H(+)
P49840|3|ATP + L-seryl-[protein] = ADP + H(+) + O-phospho-L-seryl-[protein]
P49840|4|ATP + L-threonyl-[protein] = ADP + H(+) + O-phospho-L-threonyl-[protein]
P49841|1|[tau protein]-L-serine + ATP = [tau protein]-O-phospho-L-serine + ADP + H(+)
P49841|2|[tau protein]-L-threonine + ATP = [tau protein]-O-phospho-L-threonine + ADP + H(+)
P49841|3|ATP + L-seryl-[protein] = ADP + H(+) + O-phospho-L-seryl-[protein]
P49841|4|ATP + L-threonyl-[protein] = ADP + H(+) + O-phospho-L-threonyl-[protein]
Q86Z02|1|ATP + L-seryl-[protein] = ADP + H(+) + O-phospho-L-seryl-[protein]
Q86Z02|2|ATP + L-threonyl-[protein] = ADP + H(+) + O-phospho-L-threonyl-[protein]
Q9H2X6|1|ATP + L-seryl-[protein] = ADP + H(+) + O-phospho-L-seryl-[protein]
Q9H2X6|2|ATP + L-threonyl-[protein] = ADP + H(+) + O-phospho-L-threonyl-[protein]
Q9H422|1|ATP + L-seryl-[protein] = ADP + H(+) + O-phospho-L-seryl-[protein]
Q9H422|2|ATP + L-threonyl-[protein] = ADP + H(+) + O-phospho-L-threonyl-[protein]
Q8NE63|1|ATP + L-seryl-[protein] = ADP + H(+) + O-phospho-L-seryl-[protein]
Q8NE63|2|ATP + L-threonyl-[protein] = ADP + H(+) + O-phospho-L-threonyl-[protein]
Q9UPZ9|1|ATP + L-seryl-[protein] = ADP + H(+) + O-phospho-L-seryl-[protein]
Q9UPZ9|2|ATP + L-threonyl-[protein] = ADP + H(+) + O-phospho-L-threonyl-[protein]
P20794|1|ATP + L-seryl-[protein] = ADP + H(+) + O-phospho-L-seryl-[protein]
P20794|2|ATP + L-threonyl-[protein] = ADP + H(+) + O-phospho-L-threonyl-[protein]
P28482|1|ATP + L-seryl-[protein] = ADP + H(+) + O-phospho-L-seryl-[protein]
P28482|2|ATP + L-threonyl-[protein] = ADP + H(+) + O-phospho-L-threonyl-[protein]
P53779|1|ATP + L-seryl-[protein] = ADP + H(+) + O-phospho-L-seryl-[protein]
P53779|2|ATP + L-threonyl-[protein] = ADP + H(+) + O-phospho-L-threonyl-[protein]
Q15759|1|ATP + L-seryl-[protein] = ADP + H(+) + O-phospho-L-seryl-[protein]
Q15759|2|ATP + L-threonyl-[protein] = ADP + H(+) + O-phospho-L-threonyl-[protein]
P53778|1|ATP + L-seryl-[protein] = ADP + H(+) + O-phospho-L-seryl-[protein]
P53778|2|ATP + L-threonyl-[protein] = ADP + H(+) + O-phospho-L-threonyl-[protein]
O15264|1|ATP + L-seryl-[protein] = ADP + H(+) + O-phospho-L-seryl-[protein]
O15264|2|ATP + L-threonyl-[protein] = ADP + H(+) + O-phospho-L-threonyl-[protein]
Q16539|1|ATP + L-seryl-[protein] = ADP + H(+) + O-phospho-L-seryl-[protein]
Q16539|2|ATP + L-threonyl-[protein] = ADP + H(+) + O-phospho-L-threonyl-[protein]
Q8TD08|1|ATP + L-seryl-[protein] = ADP + H(+) + O-phospho-L-seryl-[protein]
Q8TD08|2|ATP + L-threonyl-[protein] = ADP + H(+) + O-phospho-L-threonyl-[protein]
P27361|1|ATP + L-seryl-[protein] = ADP + H(+) + O-phospho-L-seryl-[protein]
P27361|2|ATP + L-threonyl-[protein] = ADP + H(+) + O-phospho-L-threonyl-[protein]
P31152|1|ATP + L-seryl-[protein] = ADP + H(+) + O-phospho-L-seryl-[protein]
P31152|2|ATP + L-threonyl-[protein] = ADP + H(+) + O-phospho-L-threonyl-[protein]
Q16659|1|ATP + L-seryl-[protein] = ADP + H(+) + O-phospho-L-seryl-[protein]
Q16659|2|ATP + L-threonyl-[protein] = ADP + H(+) + O-phospho-L-threonyl-[protein]
Q13164|1|ATP + L-seryl-[protein] = ADP + H(+) + O-phospho-L-seryl-[protein]
Q13164|2|ATP + L-threonyl-[protein] = ADP + H(+) + O-phospho-L-threonyl-[protein]
P45983|1|ATP + L-seryl-[protein] = ADP + H(+) + O-phospho-L-seryl-[protein]
P45983|2|ATP + L-threonyl-[protein] = ADP + H(+) + O-phospho-L-threonyl-[protein]
P45984|1|ATP + L-seryl-[protein] = ADP + H(+) + O-phospho-L-seryl-[protein]
P45984|2|ATP + L-threonyl-[protein] = ADP + H(+) + O-phospho-L-threonyl-[protein]
Q9UQ07|1|ATP + L-seryl-[protein] = ADP + H(+) + O-phospho-L-seryl-[protein]
Q9UQ07|2|ATP + L-threonyl-[protein] = ADP + H(+) + O-phospho-L-threonyl-[protein]
Q9UBE8|1|ATP + L-seryl-[protein] = ADP + H(+) + O-phospho-L-seryl-[protein]
Q9UBE8|2|ATP + L-threonyl-[protein] = ADP + H(+) + O-phospho-L-threonyl-[protein]
Q13523|1|ATP + L-seryl-[protein] = ADP + H(+) + O-phospho-L-seryl-[protein]
Q13523|2|ATP + L-threonyl-[protein] = ADP + H(+) + O-phospho-L-threonyl-[protein]
Q96SB4|1|ATP + L-seryl-[protein] = ADP + H(+) + O-phospho-L-seryl-[protein]
Q96SB4|2|ATP + L-threonyl-[protein] = ADP + H(+) + O-phospho-L-threonyl-[protein]
P78362|1|ATP + L-seryl-[protein] = ADP + H(+) + O-phospho-L-seryl-[protein]
P78362|2|ATP + L-threonyl-[protein] = ADP + H(+) + O-phospho-L-threonyl-[protein]
Q9UPE1|1|ATP + L-seryl-[protein] = ADP + H(+) + O-phospho-L-seryl-[protein]
Q9UPE1|2|ATP + L-threonyl-[protein] = ADP + H(+) + O-phospho-L-threonyl-[protein]
Q96PY6|1|ATP + L-seryl-[protein] = ADP + H(+) + O-phospho-L-seryl-[protein]
Q96PY6|2|ATP + L-threonyl-[protein] = ADP + H(+) + O-phospho-L-threonyl-[protein]
Q6ZWH5|1|ATP + L-seryl-[protein] = ADP + H(+) + O-phospho-L-seryl-[protein]
Q6ZWH5|2|ATP + L-threonyl-[protein] = ADP + H(+) + O-phospho-L-threonyl-[protein]
Q8NG66|1|ATP + L-seryl-[protein] = ADP + H(+) + O-phospho-L-seryl-[protein]
Q8NG66|2|ATP + L-threonyl-[protein] = ADP + H(+) + O-phospho-L-threonyl-[protein]
P51955|1|ATP + L-seryl-[protein] = ADP + H(+) + O-phospho-L-seryl-[protein]
P51955|2|ATP + L-threonyl-[protein] = ADP + H(+) + O-phospho-L-threonyl-[protein]
P51956|1|ATP + L-seryl-[protein] = ADP + H(+) + O-phospho-L-seryl-[protein]
P51956|2|ATP + L-threonyl-[protein] = ADP + H(+) + O-phospho-L-threonyl-[protein]
P51957|1|ATP + L-seryl-[protein] = ADP + H(+) + O-phospho-L-seryl-[protein]
P51957|2|ATP + L-threonyl-[protein] = ADP + H(+) + O-phospho-L-threonyl-[protein]
Q6P3R8|1|ATP + L-seryl-[protein] = ADP + H(+) + O-phospho-L-seryl-[protein]
Q6P3R8|2|ATP + L-threonyl-[protein] = ADP + H(+) + O-phospho-L-threonyl-[protein]
Q9HC98|1|ATP + L-seryl-[protein] = ADP + H(+) + O-phospho-L-seryl-[protein]
Q9HC98|2|ATP + L-threonyl-[protein] = ADP + H(+) + O-phospho-L-threonyl-[protein]
Q8TDX7|1|ATP + L-seryl-[protein] = ADP + H(+) + O-phospho-L-seryl-[protein]
Q8TDX7|2|ATP + L-threonyl-[protein] = ADP + H(+) + O-phospho-L-threonyl-[protein]
Q86SG6|1|ATP + L-seryl-[protein] = ADP + H(+) + O-phospho-L-seryl-[protein]
Q86SG6|2|ATP + L-threonyl-[protein] = ADP + H(+) + O-phospho-L-threonyl-[protein]
Q8TD19|1|ATP + L-seryl-[protein] = ADP + H(+) + O-phospho-L-seryl-[protein]
Q8TD19|2|ATP + L-threonyl-[protein] = ADP + H(+) + O-phospho-L-threonyl-[protein]
P25092|1|GTP = 3',5'-cyclic GMP + diphosphate
Q02846|1|GTP = 3',5'-cyclic GMP + diphosphate
P51841|1|GTP = 3',5'-cyclic GMP + diphosphate
P16066|1|GTP = 3',5'-cyclic GMP + diphosphate
P20594|1|GTP = 3',5'-cyclic GMP + diphosphate
Q02750|1|ATP + L-seryl-[protein] = ADP + H(+) + O-phospho-L-seryl-[protein]
Q02750|2|ATP + L-threonyl-[protein] = ADP + H(+) + O-phospho-L-threonyl-[protein]
Q02750|3|ATP + L-tyrosyl-[protein] = ADP + H(+) + O-phospho-L-tyrosyl-[protein]
P36507|1|ATP + L-seryl-[protein] = ADP + H(+) + O-phospho-L-seryl-[protein]
P36507|2|ATP + L-threonyl-[protein] = ADP + H(+) + O-phospho-L-threonyl-[protein]
P36507|3|ATP + L-tyrosyl-[protein] = ADP + H(+) + O-phospho-L-tyrosyl-[protein]
P46734|1|ATP + L-seryl-[protein] = ADP + H(+) + O-phospho-L-seryl-[protein]
P46734|2|ATP + L-threonyl-[protein] = ADP + H(+) + O-phospho-L-threonyl-[protein]
P46734|3|ATP + L-tyrosyl-[protein] = ADP + H(+) + O-phospho-L-tyrosyl-[protein]
P45985|1|ATP + L-seryl-[protein] = ADP + H(+) + O-phospho-L-seryl-[protein]
P45985|2|ATP + L-threonyl-[protein] = ADP + H(+) + O-phospho-L-threonyl-[protein]
P45985|3|ATP + L-tyrosyl-[protein] = ADP + H(+) + O-phospho-L-tyrosyl-[protein]
Q13163|1|ATP + L-seryl-[protein] = ADP + H(+) + O-phospho-L-seryl-[protein]
Q13163|2|ATP + L-threonyl-[protein] = ADP + H(+) + O-phospho-L-threonyl-[protein]
Q13163|3|ATP + L-tyrosyl-[protein] = ADP + H(+) + O-phospho-L-tyrosyl-[protein]
P52564|1|ATP + L-seryl-[protein] = ADP + H(+) + O-phospho-L-seryl-[protein]
P52564|2|ATP + L-threonyl-[protein] = ADP + H(+) + O-phospho-L-threonyl-[protein]
P52564|3|ATP + L-tyrosyl-[protein] = ADP + H(+) + O-phospho-L-tyrosyl-[protein]
O14733|1|ATP + L-seryl-[protein] = ADP + H(+) + O-phospho-L-seryl-[protein]
O14733|2|ATP + L-threonyl-[protein] = ADP + H(+) + O-phospho-L-threonyl-[protein]
O14733|3|ATP + L-tyrosyl-[protein] = ADP + H(+) + O-phospho-L-tyrosyl-[protein]
Q13233|1|ATP + L-seryl-[protein] = ADP + H(+) + O-phospho-L-seryl-[protein]
Q13233|2|ATP + L-threonyl-[protein] = ADP + H(+) + O-phospho-L-threonyl-[protein]
Q02779|1|ATP + L-seryl-[protein] = ADP + H(+) + O-phospho-L-seryl-[protein]
Q02779|2|ATP + L-threonyl-[protein] = ADP + H(+) + O-phospho-L-threonyl-[protein]
Q16584|1|ATP + L-seryl-[protein] = ADP + H(+) + O-phospho-L-seryl-[protein]
Q16584|2|ATP + L-threonyl-[protein] = ADP + H(+) + O-phospho-L-threonyl-[protein]
Q12852|1|ATP + L-seryl-[protein] = ADP + H(+) + O-phospho-L-seryl-[protein]
Q12852|2|ATP + L-threonyl-[protein] = ADP + H(+) + O-phospho-L-threonyl-[protein]
O43283|1|ATP + L-seryl-[protein] = ADP + H(+) + O-phospho-L-seryl-[protein]
O43283|2|ATP + L-threonyl-[protein] = ADP + H(+) + O-phospho-L-threonyl-[protein]
Q99558|1|ATP + L-seryl-[protein] = ADP + H(+) + O-phospho-L-seryl-[protein]
Q99558|2|ATP + L-threonyl-[protein] = ADP + H(+) + O-phospho-L-threonyl-[protein]
Q6ZN16|1|ATP + L-seryl-[protein] = ADP + H(+) + O-phospho-L-seryl-[protein]
Q6ZN16|2|ATP + L-threonyl-[protein] = ADP + H(+) + O-phospho-L-threonyl-[protein]
Q56UN5|1|ATP + L-seryl-[protein] = ADP + H(+) + O-phospho-L-seryl-[protein]
Q56UN5|2|ATP + L-threonyl-[protein] = ADP + H(+) + O-phospho-L-threonyl-[protein]
Q9Y2U5|1|ATP + L-seryl-[protein] = ADP + H(+) + O-phospho-L-seryl-[protein]
Q9Y2U5|2|ATP + L-threonyl-[protein] = ADP + H(+) + O-phospho-L-threonyl-[protein]
Q9NYL2|1|ATP + L-seryl-[protein] = ADP + H(+) + O-phospho-L-seryl-[protein]
Q9NYL2|2|ATP + L-threonyl-[protein] = ADP + H(+) + O-phospho-L-threonyl-[protein]
Q5TCX8|1|ATP + L-seryl-[protein] = ADP + H(+) + O-phospho-L-seryl-[protein]
Q5TCX8|2|ATP + L-threonyl-[protein] = ADP + H(+) + O-phospho-L-threonyl-[protein]
Q99759|1|ATP + L-seryl-[protein] = ADP + H(+) + O-phospho-L-seryl-[protein]
Q99759|2|ATP + L-threonyl-[protein] = ADP + H(+) + O-phospho-L-threonyl-[protein]
Q9Y6R4|1|ATP + L-seryl-[protein] = ADP + H(+) + O-phospho-L-seryl-[protein]
Q9Y6R4|2|ATP + L-threonyl-[protein] = ADP + H(+) + O-phospho-L-threonyl-[protein]
Q99683|1|ATP + L-seryl-[protein] = ADP + H(+) + O-phospho-L-seryl-[protein]
Q99683|2|ATP + L-threonyl-[protein] = ADP + H(+) + O-phospho-L-threonyl-[protein]
O95382|1|ATP + L-seryl-[protein] = ADP + H(+) + O-phospho-L-seryl-[protein]
O95382|2|ATP + L-threonyl-[protein] = ADP + H(+) + O-phospho-L-threonyl-[protein]
O43318|1|ATP + L-seryl-[protein] = ADP + H(+) + O-phospho-L-seryl-[protein]
O43318|2|ATP + L-threonyl-[protein] = ADP + H(+) + O-phospho-L-threonyl-[protein]
P41279|1|ATP + L-seryl-[protein] = ADP + H(+) + O-phospho-L-seryl-[protein]
P41279|2|ATP + L-threonyl-[protein] = ADP + H(+) + O-phospho-L-threonyl-[protein]
P80192|1|ATP + L-seryl-[protein] = ADP + H(+) + O-phospho-L-seryl-[protein]
P80192|2|ATP + L-threonyl-[protein] = ADP + H(+) + O-phospho-L-threonyl-[protein]
Q92918|1|ATP + L-seryl-[protein] = ADP + H(+) + O-phospho-L-seryl-[protein]
Q92918|2|ATP + L-threonyl-[protein] = ADP + H(+) + O-phospho-L-threonyl-[protein]
Q12851|1|ATP + L-seryl-[protein] = ADP + H(+) + O-phospho-L-seryl-[protein]
Q12851|2|ATP + L-threonyl-[protein] = ADP + H(+) + O-phospho-L-threonyl-[protein]
Q8IVH8|1|ATP + L-seryl-[protein] = ADP + H(+) + O-phospho-L-seryl-[protein]
Q8IVH8|2|ATP + L-threonyl-[protein] = ADP + H(+) + O-phospho-L-threonyl-[protein]
O95819|1|ATP + L-seryl-[protein] = ADP + H(+) + O-phospho-L-seryl-[protein]
O95819|2|ATP + L-threonyl-[protein] = ADP + H(+) + O-phospho-L-threonyl-[protein]
Q9Y4K4|1|ATP + L-seryl-[protein] = ADP + H(+) + O-phospho-L-seryl-[protein]
Q9Y4K4|2|ATP + L-threonyl-[protein] = ADP + H(+) + O-phospho-L-threonyl-[protein]
Q8N4C8|1|ATP + L-seryl-[protein] = ADP + H(+) + O-phospho-L-seryl-[protein]
Q8N4C8|2|ATP + L-threonyl-[protein] = ADP + H(+) + O-phospho-L-threonyl-[protein]
Q8NEV4|1|ATP + L-seryl-[protein] = ADP + H(+) + O-phospho-L-seryl-[protein]
Q8NEV4|2|ATP + L-threonyl-[protein] = ADP + H(+) + O-phospho-L-threonyl-[protein]
Q8WXR4|1|ATP + L-seryl-[protein] = ADP + H(+) + O-phospho-L-seryl-[protein]
Q8WXR4|2|ATP + L-threonyl-[protein] = ADP + H(+) + O-phospho-L-threonyl-[protein]
Q7Z2Y5|1|ATP + L-seryl-[protein] = ADP + H(+) + O-phospho-L-seryl-[protein]
Q7Z2Y5|2|ATP + L-threonyl-[protein] = ADP + H(+) + O-phospho-L-threonyl-[protein]
O95747|1|ATP + L-seryl-[protein] = ADP + H(+) + O-phospho-L-seryl-[protein]
O95747|2|ATP + L-threonyl-[protein] = ADP + H(+) + O-phospho-L-threonyl-[protein]
Q13153|1|ATP + L-seryl-[protein] = ADP + H(+) + O-phospho-L-seryl-[protein]
Q13153|2|ATP + L-threonyl-[protein] = ADP + H(+) + O-phospho-L-threonyl-[protein]
Q13177|1|ATP + L-seryl-[protein] = ADP + H(+) + O-phospho-L-seryl-[protein]
Q13177|2|ATP + L-threonyl-[protein] = ADP + H(+) + O-phospho-L-threonyl-[protein]
O75914|1|ATP + L-seryl-[protein] = ADP + H(+) + O-phospho-L-seryl-[protein]
O75914|2|ATP + L-threonyl-[protein] = ADP + H(+) + O-phospho-L-threonyl-[protein]
O96013|1|ATP + L-seryl-[protein] = ADP + H(+) + O-phospho-L-seryl-[protein]
O96013|2|ATP + L-threonyl-[protein] = ADP + H(+) + O-phospho-L-threonyl-[protein]
Q9P286|1|ATP + L-seryl-[protein] = ADP + H(+) + O-phospho-L-seryl-[protein]
Q9P286|2|ATP + L-threonyl-[protein] = ADP + H(+) + O-phospho-L-threonyl-[protein]
Q9NQU5|1|ATP + L-seryl-[protein] = ADP + H(+) + O-phospho-L-seryl-[protein]
Q9NQU5|2|ATP + L-threonyl-[protein] = ADP + H(+) + O-phospho-L-threonyl-[protein]
Q96KB5|1|ATP + L-seryl-[protein] = ADP + H(+) + O-phospho-L-seryl-[protein]
Q96KB5|2|ATP + L-threonyl-[protein] = ADP + H(+) + O-phospho-L-threonyl-[protein]
Q96KB5|3|ATP + L-tyrosyl-[protein] = ADP + H(+) + O-phospho-L-tyrosyl-[protein]
Q9H2G2|1|ATP + L-seryl-[protein] = ADP + H(+) + O-phospho-L-seryl-[protein]
Q9H2G2|2|ATP + L-threonyl-[protein] = ADP + H(+) + O-phospho-L-threonyl-[protein]
O94804|1|ATP + L-seryl-[protein] = ADP + H(+) + O-phospho-L-seryl-[protein]
O94804|2|ATP + L-threonyl-[protein] = ADP + H(+) + O-phospho-L-threonyl-[protein]
Q9Y6E0|1|ATP + L-seryl-[protein] = ADP + H(+) + O-phospho-L-seryl-[protein]
Q9Y6E0|2|ATP + L-threonyl-[protein] = ADP + H(+) + O-phospho-L-threonyl-[protein]
O00506|1|ATP + L-seryl-[protein] = ADP + H(+) + O-phospho-L-seryl-[protein]
O00506|2|ATP + L-threonyl-[protein] = ADP + H(+) + O-phospho-L-threonyl-[protein]
Q9P289|1|ATP + L-seryl-[protein] = ADP + H(+) + O-phospho-L-seryl-[protein]
Q9P289|2|ATP + L-threonyl-[protein] = ADP + H(+) + O-phospho-L-threonyl-[protein]
Q13188|1|ATP + L-seryl-[protein] = ADP + H(+) + O-phospho-L-seryl-[protein]
Q13188|2|ATP + L-threonyl-[protein] = ADP + H(+) + O-phospho-L-threonyl-[protein]
Q9UEW8|1|ATP + L-seryl-[protein] = ADP + H(+) + O-phospho-L-seryl-[protein]
Q9UEW8|2|ATP + L-threonyl-[protein] = ADP + H(+) + O-phospho-L-threonyl-[protein]
Q13043|1|ATP + L-seryl-[protein] = ADP + H(+) + O-phospho-L-seryl-[protein]
Q13043|2|ATP + L-threonyl-[protein] = ADP + H(+) + O-phospho-L-threonyl-[protein]
Q7L7X3|1|ATP + L-seryl-[protein] = ADP + H(+) + O-phospho-L-seryl-[protein]
Q7L7X3|2|ATP + L-threonyl-[protein] = ADP + H(+) + O-phospho-L-threonyl-[protein]
Q9UL54|1|ATP + L-seryl-[protein] = ADP + H(+) + O-phospho-L-seryl-[protein]
Q9UL54|2|ATP + L-threonyl-[protein] = ADP + H(+) + O-phospho-L-threonyl-[protein]
Q9H2K8|1|ATP + L-seryl-[protein] = ADP + H(+) + O-phospho-L-seryl-[protein]
Q9H2K8|2|ATP + L-threonyl-[protein] = ADP + H(+) + O-phospho-L-threonyl-[protein]
Q9UKE5|1|ATP + L-seryl-[protein] = ADP + H(+) + O-phospho-L-seryl-[protein]
Q9UKE5|2|ATP + L-threonyl-[protein] = ADP + H(+) + O-phospho-L-threonyl-[protein]
Q04771|1|[receptor-protein]-L-threonine + ATP = [receptor-protein]-O-phospho-L-threonine + ADP + H(+)
Q04771|2|[receptor-protein]-L-serine + ATP = [receptor-protein]-O-phospho-L-serine + ADP + H(+)
P36896|1|[receptor-protein]-L-threonine + ATP = [receptor-protein]-O-phospho-L-threonine + ADP + H(+)
P36896|2|[receptor-protein]-L-serine + ATP = [receptor-protein]-O-phospho-L-serine + ADP + H(+)
Q8NER5|1|[receptor-protein]-L-threonine + ATP = [receptor-protein]-O-phospho-L-threonine + ADP + H(+)
Q8NER5|2|[receptor-protein]-L-serine + ATP = [receptor-protein]-O-phospho-L-serine + ADP + H(+)
P27037|1|[receptor-protein]-L-threonine + ATP = [receptor-protein]-O-phospho-L-threonine + ADP + H(+)
P27037|2|[receptor-protein]-L-serine + ATP = [receptor-protein]-O-phospho-L-serine + ADP + H(+)
P37023|1|[receptor-protein]-L-threonine + ATP = [receptor-protein]-O-phospho-L-threonine + ADP + H(+)
P37023|2|[receptor-protein]-L-serine + ATP = [receptor-protein]-O-phospho-L-serine + ADP + H(+)
Q16671|1|[receptor-protein]-L-threonine + ATP = [receptor-protein]-O-phospho-L-threonine + ADP + H(+)
Q16671|2|[receptor-protein]-L-serine + ATP = [receptor-protein]-O-phospho-L-serine + ADP + H(+)
Q8NFD2|1|ATP + L-seryl-[protein] = ADP + H(+) + O-phospho-L-seryl-[protein]
Q8NFD2|2|ATP + L-threonyl-[protein] = ADP + H(+) + O-phospho-L-threonyl-[protein]
P10398|1|ATP + L-seryl-[protein] = ADP + H(+) + O-phospho-L-seryl-[protein]
P10398|2|ATP + L-threonyl-[protein] = ADP + H(+) + O-phospho-L-threonyl-[protein]
P36894|1|[receptor-protein]-L-threonine + ATP = [receptor-protein]-O-phospho-L-threonine + ADP + H(+)
P36894|2|[receptor-protein]-L-serine + ATP = [receptor-protein]-O-phospho-L-serine + ADP + H(+)
O00238|1|[receptor-protein]-L-threonine + ATP = [receptor-protein]-O-phospho-L-threonine + ADP + H(+)
O00238|2|[receptor-protein]-L-serine + ATP = [receptor-protein]-O-phospho-L-serine + ADP + H(+)
Q13873|1|[receptor-protein]-L-threonine + ATP = [receptor-protein]-O-phospho-L-threonine + ADP + H(+)
Q13873|2|[receptor-protein]-L-serine + ATP = [receptor-protein]-O-phospho-L-serine + ADP + H(+)
P15056|1|ATP + L-seryl-[protein] = ADP + H(+) + O-phospho-L-seryl-[protein]
P15056|2|ATP + L-threonyl-[protein] = ADP + H(+) + O-phospho-L-threonyl-[protein]
Q13418|1|ATP + L-seryl-[protein] = ADP + H(+) + O-phospho-L-seryl-[protein]
Q13418|2|ATP + L-threonyl-[protein] = ADP + H(+) + O-phospho-L-threonyl-[protein]
P51617|1|ATP + L-seryl-[protein] = ADP + H(+) + O-phospho-L-seryl-[protein]
P51617|2|ATP + L-threonyl-[protein] = ADP + H(+) + O-phospho-L-threonyl-[protein]
Q9Y616|1|ATP + L-seryl-[protein] = ADP + H(+) + O-phospho-L-seryl-[protein]
Q9Y616|2|ATP + L-threonyl-[protein] = ADP + H(+) + O-phospho-L-threonyl-[protein]
Q9NWZ3|1|ATP + L-seryl-[protein] = ADP + H(+) + O-phospho-L-seryl-[protein]
Q9NWZ3|2|ATP + L-threonyl-[protein] = ADP + H(+) + O-phospho-L-threonyl-[protein]
Q8IVT5|1|ATP + L-seryl-[protein] = ADP + H(+) + O-phospho-L-seryl-[protein]
Q8IVT5|2|ATP + L-threonyl-[protein] = ADP + H(+) + O-phospho-L-threonyl-[protein]
Q6VAB6|1|ATP + L-seryl-[protein] = ADP + H(+) + O-phospho-L-seryl-[protein]
Q6VAB6|2|ATP + L-threonyl-[protein] = ADP + H(+) + O-phospho-L-threonyl-[protein]
P53667|1|ATP + L-seryl-[protein] = ADP + H(+) + O-phospho-L-seryl-[protein]
P53667|2|ATP + L-threonyl-[protein] = ADP + H(+) + O-phospho-L-threonyl-[protein]
P53671|1|ATP + L-seryl-[protein] = ADP + H(+) + O-phospho-L-seryl-[protein]
P53671|2|ATP + L-threonyl-[protein] = ADP + H(+) + O-phospho-L-threonyl-[protein]
Q38SD2|1|ATP + L-seryl-[protein] = ADP + H(+) + O-phospho-L-seryl-[protein]
Q38SD2|2|ATP + L-threonyl-[protein] = ADP + H(+) + O-phospho-L-threonyl-[protein]
Q5S007|1|ATP + L-threonyl-[protein] = ADP + H(+) + O-phospho-L-threonyl-[protein]
Q5S007|2|ATP + L-seryl-[protein] = ADP + H(+) + O-phospho-L-seryl-[protein]
Q5S007|3|GTP + H2O = GDP + H(+) + phosphate
P04049|1|ATP + L-seryl-[protein] = ADP + H(+) + O-phospho-L-seryl-[protein]
P04049|2|ATP + L-threonyl-[protein] = ADP + H(+) + O-phospho-L-threonyl-[protein]
Q13546|1|ATP + L-seryl-[protein] = ADP + H(+) + O-phospho-L-seryl-[protein]
Q13546|2|ATP + L-threonyl-[protein] = ADP + H(+) + O-phospho-L-threonyl-[protein]
O43353|1|ATP + L-seryl-[protein] = ADP + H(+) + O-phospho-L-seryl-[protein]
O43353|2|ATP + L-threonyl-[protein] = ADP + H(+) + O-phospho-L-threonyl-[protein]
O43353|3|ATP + L-tyrosyl-[protein] = ADP + H(+) + O-phospho-L-tyrosyl-[protein]
Q9Y572|1|ATP + L-seryl-[protein] = ADP + H(+) + O-phospho-L-seryl-[protein]
Q9Y572|2|ATP + L-threonyl-[protein] = ADP + H(+) + O-phospho-L-threonyl-[protein]
P57078|1|ATP + L-seryl-[protein] = ADP + H(+) + O-phospho-L-seryl-[protein]
P57078|2|ATP + L-threonyl-[protein] = ADP + H(+) + O-phospho-L-threonyl-[protein]
Q15569|1|ATP + L-seryl-[protein] = ADP + H(+) + O-phospho-L-seryl-[protein]
Q15569|2|ATP + L-threonyl-[protein] = ADP + H(+) + O-phospho-L-threonyl-[protein]
Q15569|3|ATP + L-tyrosyl-[protein] = ADP + H(+) + O-phospho-L-tyrosyl-[protein]
Q96S53|1|ATP + L-seryl-[protein] = ADP + H(+) + O-phospho-L-seryl-[protein]
Q96S53|2|ATP + L-threonyl-[protein] = ADP + H(+) + O-phospho-L-threonyl-[protein]
Q96S53|3|ATP + L-tyrosyl-[protein] = ADP + H(+) + O-phospho-L-tyrosyl-[protein]
P36897|1|[receptor-protein]-L-threonine + ATP = [receptor-protein]-O-phospho-L-threonine + ADP + H(+)
P36897|2|[receptor-protein]-L-serine + ATP = [receptor-protein]-O-phospho-L-serine + ADP + H(+)
P37173|1|[receptor-protein]-L-threonine + ATP = [receptor-protein]-O-phospho-L-threonine + ADP + H(+)
P37173|2|[receptor-protein]-L-serine + ATP = [receptor-protein]-O-phospho-L-serine + ADP + H(+)
Q59H18|1|ATP + L-seryl-[protein] = ADP + H(+) + O-phospho-L-seryl-[protein]
Q59H18|2|ATP + L-threonyl-[protein] = ADP + H(+) + O-phospho-L-threonyl-[protein]
Q6ZMQ8|1|ATP + L-seryl-[protein] = ADP + H(+) + O-phospho-L-seryl-[protein]
Q6ZMQ8|2|ATP + L-threonyl-[protein] = ADP + H(+) + O-phospho-L-threonyl-[protein]
P00519|1|ATP + L-tyrosyl-[protein] = ADP + H(+) + O-phospho-L-tyrosyl-[protein]
P42684|1|ATP + L-tyrosyl-[protein] = ADP + H(+) + O-phospho-L-tyrosyl-[protein]
Q9UM73|1|ATP + L-tyrosyl-[protein] = ADP + H(+) + O-phospho-L-tyrosyl-[protein]
P30530|1|ATP + L-tyrosyl-[protein] = ADP + H(+) + O-phospho-L-tyrosyl-[protein]
P51451|1|ATP + L-tyrosyl-[protein] = ADP + H(+) + O-phospho-L-tyrosyl-[protein]
P51813|1|ATP + L-tyrosyl-[protein] = ADP + H(+) + O-phospho-L-tyrosyl-[protein]
Q06187|1|ATP + L-tyrosyl-[protein] = ADP + H(+) + O-phospho-L-tyrosyl-[protein]
P07333|1|ATP + L-tyrosyl-[protein] = ADP + H(+) + O-phospho-L-tyrosyl-[protein]
P41240|1|ATP + L-tyrosyl-[protein] = ADP + H(+) + O-phospho-L-tyrosyl-[protein]
Q08345|1|ATP + L-tyrosyl-[protein] = ADP + H(+) + O-phospho-L-tyrosyl-[protein]
Q16832|1|ATP + L-tyrosyl-[protein] = ADP + H(+) + O-phospho-L-tyrosyl-[protein]
P00533|1|ATP + L-tyrosyl-[protein] = ADP + H(+) + O-phospho-L-tyrosyl-[protein]
P21709|1|ATP + L-tyrosyl-[protein] = ADP + H(+) + O-phospho-L-tyrosyl-[protein]
Q5JZY3|1|ATP + L-tyrosyl-[protein] = ADP + H(+) + O-phospho-L-tyrosyl-[protein]
P29317|1|ATP + L-tyrosyl-[protein] = ADP + H(+) + O-phospho-L-tyrosyl-[protein]
P29320|1|ATP + L-tyrosyl-[protein] = ADP + H(+) + O-phospho-L-tyrosyl-[protein]
P54764|1|ATP + L-tyrosyl-[protein] = ADP + H(+) + O-phospho-L-tyrosyl-[protein]
P54756|1|ATP + L-tyrosyl-[protein] = ADP + H(+) + O-phospho-L-tyrosyl-[protein]
Q9UF33|1|ATP + L-tyrosyl-[protein] = ADP + H(+) + O-phospho-L-tyrosyl-[protein]
Q15375|1|ATP + L-tyrosyl-[protein] = ADP + H(+) + O-phospho-L-tyrosyl-[protein]
P29322|1|ATP + L-tyrosyl-[protein] = ADP + H(+) + O-phospho-L-tyrosyl-[protein]
P54762|1|ATP + L-tyrosyl-[protein] = ADP + H(+) + O-phospho-L-tyrosyl-[protein]
P29323|1|ATP + L-tyrosyl-[protein] = ADP + H(+) + O-phospho-L-tyrosyl-[protein]
P54753|1|ATP + L-tyrosyl-[protein] = ADP + H(+) + O-phospho-L-tyrosyl-[protein]
P54760|1|ATP + L-tyrosyl-[protein] = ADP + H(+) + O-phospho-L-tyrosyl-[protein]
P04626|1|ATP + L-tyrosyl-[protein] = ADP + H(+) + O-phospho-L-tyrosyl-[protein]
P21860|1|ATP + L-tyrosyl-[protein] = ADP + H(+) + O-phospho-L-tyrosyl-[protein]
Q15303|1|ATP + L-tyrosyl-[protein] = ADP + H(+) + O-phospho-L-tyrosyl-[protein]
P16591|1|ATP + L-tyrosyl-[protein] = ADP + H(+) + O-phospho-L-tyrosyl-[protein]
P07332|1|ATP + L-tyrosyl-[protein] = ADP + H(+) + O-phospho-L-tyrosyl-[protein]
P11362|1|ATP + L-tyrosyl-[protein] = ADP + H(+) + O-phospho-L-tyrosyl-[protein]
P21802|1|ATP + L-tyrosyl-[protein] = ADP + H(+) + O-phospho-L-tyrosyl-[protein]
P22607|1|ATP + L-tyrosyl-[protein] = ADP + H(+) + O-phospho-L-tyrosyl-[protein]
P22455|1|ATP + L-tyrosyl-[protein] = ADP + H(+) + O-phospho-L-tyrosyl-[protein]
P09769|1|ATP + L-tyrosyl-[protein] = ADP + H(+) + O-phospho-L-tyrosyl-[protein]
P17948|1|ATP + L-tyrosyl-[protein] = ADP + H(+) + O-phospho-L-tyrosyl-[protein]
P36888|1|ATP + L-tyrosyl-[protein] = ADP + H(+) + O-phospho-L-tyrosyl-[protein]
P35916|1|ATP + L-tyrosyl-[protein] = ADP + H(+) + O-phospho-L-tyrosyl-[protein]
P42685|1|ATP + L-tyrosyl-[protein] = ADP + H(+) + O-phospho-L-tyrosyl-[protein]
P06241|1|ATP + L-tyrosyl-[protein] = ADP + H(+) + O-phospho-L-tyrosyl-[protein]
P08631|1|ATP + L-tyrosyl-[protein] = ADP + H(+) + O-phospho-L-tyrosyl-[protein]
P08069|1|ATP + L-tyrosyl-[protein] = ADP + H(+) + O-phospho-L-tyrosyl-[protein]
P06213|1|ATP + L-tyrosyl-[protein] = ADP + H(+) + O-phospho-L-tyrosyl-[protein]
P14616|1|ATP + L-tyrosyl-[protein] = ADP + H(+) + O-phospho-L-tyrosyl-[protein]
Q08881|1|ATP + L-tyrosyl-[protein] = ADP + H(+) + O-phospho-L-tyrosyl-[protein]
P23458|1|ATP + L-tyrosyl-[protein] = ADP + H(+) + O-phospho-L-tyrosyl-[protein]
O60674|1|ATP + L-tyrosyl-[protein] = ADP + H(+) + O-phospho-L-tyrosyl-[protein]
P52333|1|ATP + L-tyrosyl-[protein] = ADP + H(+) + O-phospho-L-tyrosyl-[protein]
P35968|1|ATP + L-tyrosyl-[protein] = ADP + H(+) + O-phospho-L-tyrosyl-[protein]
P10721|1|ATP + L-tyrosyl-[protein] = ADP + H(+) + O-phospho-L-tyrosyl-[protein]
P06239|1|ATP + L-tyrosyl-[protein] = ADP + H(+) + O-phospho-L-tyrosyl-[protein]
Q8IWU2|1|ATP + L-seryl-[protein] = ADP + H(+) + O-phospho-L-seryl-[protein]
Q8IWU2|2|ATP + L-threonyl-[protein] = ADP + H(+) + O-phospho-L-threonyl-[protein]
Q96Q04|1|ATP + L-seryl-[protein] = ADP + H(+) + O-phospho-L-seryl-[protein]
Q96Q04|2|ATP + L-threonyl-[protein] = ADP + H(+) + O-phospho-L-threonyl-[protein]
P29376|1|ATP + L-tyrosyl-[protein] = ADP + H(+) + O-phospho-L-tyrosyl-[protein]
P07948|1|ATP + L-tyrosyl-[protein] = ADP + H(+) + O-phospho-L-tyrosyl-[protein]
P42679|1|ATP + L-tyrosyl-[protein] = ADP + H(+) + O-phospho-L-tyrosyl-[protein]
Q12866|1|ATP + L-tyrosyl-[protein] = ADP + H(+) + O-phospho-L-tyrosyl-[protein]
P08581|1|ATP + L-tyrosyl-[protein] = ADP + H(+) + O-phospho-L-tyrosyl-[protein]
Q04912|1|ATP + L-tyrosyl-[protein] = ADP + H(+) + O-phospho-L-tyrosyl-[protein]
O15146|1|ATP + L-tyrosyl-[protein] = ADP + H(+) + O-phospho-L-tyrosyl-[protein]
P04629|1|ATP + L-tyrosyl-[protein] = ADP + H(+) + O-phospho-L-tyrosyl-[protein]
Q16620|1|ATP + L-tyrosyl-[protein] = ADP + H(+) + O-phospho-L-tyrosyl-[protein]
Q16288|1|ATP + L-tyrosyl-[protein] = ADP + H(+) + O-phospho-L-tyrosyl-[protein]
P16234|1|ATP + L-tyrosyl-[protein] = ADP + H(+) + O-phospho-L-tyrosyl-[protein]
P09619|1|ATP + L-tyrosyl-[protein] = ADP + H(+) + O-phospho-L-tyrosyl-[protein]
Q05397|1|ATP + L-tyrosyl-[protein] = ADP + H(+) + O-phospho-L-tyrosyl-[protein]
Q14289|1|ATP + L-tyrosyl-[protein] = ADP + H(+) + O-phospho-L-tyrosyl-[protein]
Q13882|1|ATP + L-tyrosyl-[protein] = ADP + H(+) + O-phospho-L-tyrosyl-[protein]
P07949|1|ATP + L-tyrosyl-[protein] = ADP + H(+) + O-phospho-L-tyrosyl-[protein]
Q01974|1|ATP + L-tyrosyl-[protein] = ADP + H(+) + O-phospho-L-tyrosyl-[protein]
P08922|1|ATP + L-tyrosyl-[protein] = ADP + H(+) + O-phospho-L-tyrosyl-[protein]
P34925|1|ATP + L-tyrosyl-[protein] = ADP + H(+) + O-phospho-L-tyrosyl-[protein]
P12931|1|ATP + L-tyrosyl-[protein] = ADP + H(+) + O-phospho-L-tyrosyl-[protein]
Q9H3Y6|1|ATP + L-tyrosyl-[protein] = ADP + H(+) + O-phospho-L-tyrosyl-[protein]
Q6J9G0|1|ATP + L-tyrosyl-[protein] = ADP + H(+) + O-phospho-L-tyrosyl-[protein]
P43405|1|ATP + L-tyrosyl-[protein] = ADP + H(+) + O-phospho-L-tyrosyl-[protein]
P42680|1|ATP + L-tyrosyl-[protein] = ADP + H(+) + O-phospho-L-tyrosyl-[protein]
Q02763|1|ATP + L-tyrosyl-[protein] = ADP + H(+) + O-phospho-L-tyrosyl-[protein]
P35590|1|ATP + L-tyrosyl-[protein] = ADP + H(+) + O-phospho-L-tyrosyl-[protein]
Q13470|1|ATP + L-tyrosyl-[protein] = ADP + H(+) + O-phospho-L-tyrosyl-[protein]
Q07912|1|ATP + L-tyrosyl-[protein] = ADP + H(+) + O-phospho-L-tyrosyl-[protein]
Q07912|2|ATP + L-seryl-[protein] = ADP + H(+) + O-phospho-L-seryl-[protein]
Q07912|3|ATP + L-threonyl-[protein] = ADP + H(+) + O-phospho-L-threonyl-[protein]
P42681|1|ATP + L-tyrosyl-[protein] = ADP + H(+) + O-phospho-L-tyrosyl-[protein]
P29597|1|ATP + L-tyrosyl-[protein] = ADP + H(+) + O-phospho-L-tyrosyl-[protein]
Q06418|1|ATP + L-tyrosyl-[protein] = ADP + H(+) + O-phospho-L-tyrosyl-[protein]
P07947|1|ATP + L-tyrosyl-[protein] = ADP + H(+) + O-phospho-L-tyrosyl-[protein]
P43403|1|ATP + L-tyrosyl-[protein] = ADP + H(+) + O-phospho-L-tyrosyl-[protein]
Q2M2I8|1|ATP + L-seryl-[protein] = ADP + H(+) + O-phospho-L-seryl-[protein]
Q2M2I8|2|ATP + L-threonyl-[protein] = ADP + H(+) + O-phospho-L-threonyl-[protein]
O14965|1|ATP + L-seryl-[protein] = ADP + H(+) + O-phospho-L-seryl-[protein]
O14965|2|ATP + L-threonyl-[protein] = ADP + H(+) + O-phospho-L-threonyl-[protein]
Q96GD4|1|ATP + L-seryl-[protein] = ADP + H(+) + O-phospho-L-seryl-[protein]
Q96GD4|2|ATP + L-threonyl-[protein] = ADP + H(+) + O-phospho-L-threonyl-[protein]
Q9UQB9|1|ATP + L-seryl-[protein] = ADP + H(+) + O-phospho-L-seryl-[protein]
Q9UQB9|2|ATP + L-threonyl-[protein] = ADP + H(+) + O-phospho-L-threonyl-[protein]
Q9NSY1|1|ATP + L-seryl-[protein] = ADP + H(+) + O-phospho-L-seryl-[protein]
Q9NSY1|2|ATP + L-threonyl-[protein] = ADP + H(+) + O-phospho-L-threonyl-[protein]
O43683|1|ATP + L-seryl-[protein] = ADP + H(+) + O-phospho-L-seryl-[protein]
O43683|2|ATP + L-threonyl-[protein] = ADP + H(+) + O-phospho-L-threonyl-[protein]
O60566|1|ATP + L-seryl-[protein] = ADP + H(+) + O-phospho-L-seryl-[protein]
O60566|2|ATP + L-threonyl-[protein] = ADP + H(+) + O-phospho-L-threonyl-[protein]
Q8N5S9|1|ATP + L-seryl-[protein] = ADP + H(+) + O-phospho-L-seryl-[protein]
Q8N5S9|2|ATP + L-threonyl-[protein] = ADP + H(+) + O-phospho-L-threonyl-[protein]
Q96RR4|1|ATP + L-seryl-[protein] = ADP + H(+) + O-phospho-L-seryl-[protein]
Q96RR4|2|ATP + L-threonyl-[protein] = ADP + H(+) + O-phospho-L-threonyl-[protein]
O00311|1|ATP + L-seryl-[protein] = ADP + H(+) + O-phospho-L-seryl-[protein]
O00311|2|ATP + L-threonyl-[protein] = ADP + H(+) + O-phospho-L-threonyl-[protein]
O15111|1|[I-kappa-B protein]-L-serine + ATP = [I-kappa-B protein]-O-phospho-L-serine + ADP + H(+)
P68400|1|ATP + L-seryl-[protein] = ADP + H(+) + O-phospho-L-seryl-[protein]
P68400|2|ATP + L-threonyl-[protein] = ADP + H(+) + O-phospho-L-threonyl-[protein]
P19784|1|ATP + L-seryl-[protein] = ADP + H(+) + O-phospho-L-seryl-[protein]
P19784|2|ATP + L-threonyl-[protein] = ADP + H(+) + O-phospho-L-threonyl-[protein]
Q8NEV1|1|ATP + L-seryl-[protein] = ADP + H(+) + O-phospho-L-seryl-[protein]
Q8NEV1|2|ATP + L-threonyl-[protein] = ADP + H(+) + O-phospho-L-threonyl-[protein]
Q6XUX3|1|ATP + L-seryl-[protein] = ADP + H(+) + O-phospho-L-seryl-[protein]
Q6XUX3|2|ATP + L-threonyl-[protein] = ADP + H(+) + O-phospho-L-threonyl-[protein]
Q6XUX3|3|ATP + L-tyrosyl-[protein] = ADP + H(+) + O-phospho-L-tyrosyl-[protein]
Q9BQI3|1|ATP + L-seryl-[protein] = ADP + H(+) + O-phospho-L-seryl-[protein]
Q9BQI3|2|ATP + L-threonyl-[protein] = ADP + H(+) + O-phospho-L-threonyl-[protein]
P19525|1|ATP + L-seryl-[protein] = ADP + H(+) + O-phospho-L-seryl-[protein]
P19525|2|ATP + L-threonyl-[protein] = ADP + H(+) + O-phospho-L-threonyl-[protein]
P19525|3|ATP + L-tyrosyl-[protein] = ADP + H(+) + O-phospho-L-tyrosyl-[protein]
Q9NZJ5|1|ATP + L-seryl-[protein] = ADP + H(+) + O-phospho-L-seryl-[protein]
Q9NZJ5|2|ATP + L-threonyl-[protein] = ADP + H(+) + O-phospho-L-threonyl-[protein]
Q9P2K8|1|ATP + L-seryl-[protein] = ADP + H(+) + O-phospho-L-seryl-[protein]
Q9P2K8|2|ATP + L-threonyl-[protein] = ADP + H(+) + O-phospho-L-threonyl-[protein]
O75460|1|ATP + L-seryl-[protein] = ADP + H(+) + O-phospho-L-seryl-[protein]
O75460|2|ATP + L-threonyl-[protein] = ADP + H(+) + O-phospho-L-threonyl-[protein]
Q76MJ5|1|ATP + L-seryl-[protein] = ADP + H(+) + O-phospho-L-seryl-[protein]
Q76MJ5|2|ATP + L-threonyl-[protein] = ADP + H(+) + O-phospho-L-threonyl-[protein]
O14976|1|ATP + L-seryl-[protein] = ADP + H(+) + O-phospho-L-seryl-[protein]
O14976|2|ATP + L-threonyl-[protein] = ADP + H(+) + O-phospho-L-threonyl-[protein]
Q8TF76|1|ATP + L-seryl-[protein] = ADP + H(+) + O-phospho-L-seryl-[protein]
Q8TF76|2|ATP + L-threonyl-[protein] = ADP + H(+) + O-phospho-L-threonyl-[protein]
O14920|1|[I-kappa-B protein]-L-serine + ATP = [I-kappa-B protein]-O-phospho-L-serine + ADP + H(+)
Q14164|1|[I-kappa-B protein]-L-serine + ATP = [I-kappa-B protein]-O-phospho-L-serine + ADP + H(+)
P00540|1|ATP + L-seryl-[protein] = ADP + H(+) + O-phospho-L-seryl-[protein]
P00540|2|ATP + L-threonyl-[protein] = ADP + H(+) + O-phospho-L-threonyl-[protein]
Q8N165|1|ATP + L-seryl-[protein] = ADP + H(+) + O-phospho-L-seryl-[protein]
Q8N165|2|ATP + L-threonyl-[protein] = ADP + H(+) + O-phospho-L-threonyl-[protein]
Q99570|1|ATP + L-seryl-[protein] = ADP + H(+) + O-phospho-L-seryl-[protein]
Q99570|2|ATP + L-threonyl-[protein] = ADP + H(+) + O-phospho-L-threonyl-[protein]
Q9BXM7|1|ATP + L-seryl-[protein] = ADP + H(+) + O-phospho-L-seryl-[protein]
Q9BXM7|2|ATP + L-threonyl-[protein] = ADP + H(+) + O-phospho-L-threonyl-[protein]
Q504Y2|1|ATP + L-tyrosyl-[protein] = ADP + H(+) + O-phospho-L-tyrosyl-[protein]
Q99640|1|ATP + L-seryl-[protein] = ADP + H(+) + O-phospho-L-seryl-[protein]
Q99640|2|ATP + L-threonyl-[protein] = ADP + H(+) + O-phospho-L-threonyl-[protein]
P53350|1|ATP + L-seryl-[protein] = ADP + H(+) + O-phospho-L-seryl-[protein]
P53350|2|ATP + L-threonyl-[protein] = ADP + H(+) + O-phospho-L-threonyl-[protein]
Q9NYY3|1|ATP + L-seryl-[protein] = ADP + H(+) + O-phospho-L-seryl-[protein]
Q9NYY3|2|ATP + L-threonyl-[protein] = ADP + H(+) + O-phospho-L-threonyl-[protein]
Q9H4B4|1|ATP + L-seryl-[protein] = ADP + H(+) + O-phospho-L-seryl-[protein]
Q9H4B4|2|ATP + L-threonyl-[protein] = ADP + H(+) + O-phospho-L-threonyl-[protein]
O00444|1|ATP + L-seryl-[protein] = ADP + H(+) + O-phospho-L-seryl-[protein]
O00444|2|ATP + L-threonyl-[protein] = ADP + H(+) + O-phospho-L-threonyl-[protein]
Q9H5K3|1|3-O-(N-acetyl-beta-D-galactosaminyl-(1->3)-N-acetyl-beta-D-glucosaminyl-(1->4)-alpha-D-mannosyl)-L-seryl-[protein] + ATP = 3-O-(N-acetyl-beta-D-galactosaminyl-(1->3)-N-acetyl-beta-D-glucosaminyl-(1->4)-6-O-phospho-alpha-D-mannosyl)-L-seryl-[protein] + ADP + H(+)
Q9H5K3|2|3-O-(N-acetyl-beta-D-galactosaminyl-(1->3)-N-acetyl-beta-D-glucosaminyl-(1->4)-alpha-D-mannosyl)-L-threonyl-[protein] + ATP = 3-O-(N-acetyl-beta-D-galactosaminyl-(1->3)-N-acetyl-beta-D-glucosaminyl-(1->4)-6-O-phospho-alpha-D-mannosyl)-L-threonyl-[protein] + ADP + H(+)
Q96S38|1|ATP + L-seryl-[protein] = ADP + H(+) + O-phospho-L-seryl-[protein]
Q96S38|2|ATP + L-threonyl-[protein] = ADP + H(+) + O-phospho-L-threonyl-[protein]
Q9Y6S9|1|ATP + L-seryl-[protein] = ADP + H(+) + O-phospho-L-seryl-[protein]
Q9Y6S9|2|ATP + L-threonyl-[protein] = ADP + H(+) + O-phospho-L-threonyl-[protein]
Q96LW2|1|ATP + L-seryl-[protein] = ADP + H(+) + O-phospho-L-seryl-[protein]
Q96LW2|2|ATP + L-threonyl-[protein] = ADP + H(+) + O-phospho-L-threonyl-[protein]
Q52WX2|1|ATP + L-seryl-[protein] = ADP + H(+) + O-phospho-L-seryl-[protein]
Q52WX2|2|ATP + L-threonyl-[protein] = ADP + H(+) + O-phospho-L-threonyl-[protein]
P0C263|1|ATP + L-seryl-[protein] = ADP + H(+) + O-phospho-L-seryl-[protein]
P0C263|2|ATP + L-threonyl-[protein] = ADP + H(+) + O-phospho-L-threonyl-[protein]
P0C264|1|ATP + L-seryl-[protein] = ADP + H(+) + O-phospho-L-seryl-[protein]
P0C264|2|ATP + L-threonyl-[protein] = ADP + H(+) + O-phospho-L-threonyl-[protein]
O75716|1|ATP + L-seryl-[protein] = ADP + H(+) + O-phospho-L-seryl-[protein]
O75716|2|ATP + L-threonyl-[protein] = ADP + H(+) + O-phospho-L-threonyl-[protein]
O75716|3|ATP + L-tyrosyl-[protein] = ADP + H(+) + O-phospho-L-tyrosyl-[protein]
Q9BXU1|1|ATP + L-seryl-[protein] = ADP + H(+) + O-phospho-L-seryl-[protein]
Q9BXU1|2|ATP + L-threonyl-[protein] = ADP + H(+) + O-phospho-L-threonyl-[protein]
Q8WU08|1|ATP + L-seryl-[protein] = ADP + H(+) + O-phospho-L-seryl-[protein]
Q8WU08|2|ATP + L-threonyl-[protein] = ADP + H(+) + O-phospho-L-threonyl-[protein]
Q9NY57|1|ATP + L-seryl-[protein] = ADP + H(+) + O-phospho-L-seryl-[protein]
Q9NY57|2|ATP + L-threonyl-[protein] = ADP + H(+) + O-phospho-L-threonyl-[protein]
Q86UX6|1|ATP + L-seryl-[protein] = ADP + H(+) + O-phospho-L-seryl-[protein]
Q86UX6|2|ATP + L-threonyl-[protein] = ADP + H(+) + O-phospho-L-threonyl-[protein]
Q8TDR2|1|ATP + L-seryl-[protein] = ADP + H(+) + O-phospho-L-seryl-[protein]
Q8TDR2|2|ATP + L-threonyl-[protein] = ADP + H(+) + O-phospho-L-threonyl-[protein]
Q9NRP7|1|ATP + L-seryl-[protein] = ADP + H(+) + O-phospho-L-seryl-[protein]
Q9NRP7|2|ATP + L-threonyl-[protein] = ADP + H(+) + O-phospho-L-threonyl-[protein]
Q9UHD2|1|ATP + L-seryl-[protein] = ADP + H(+) + O-phospho-L-seryl-[protein]
Q9UHD2|2|ATP + L-threonyl-[protein] = ADP + H(+) + O-phospho-L-threonyl-[protein]
Q9UKI8|1|ATP + L-seryl-[protein] = ADP + H(+) + O-phospho-L-seryl-[protein]
Q9UKI8|2|ATP + L-threonyl-[protein] = ADP + H(+) + O-phospho-L-threonyl-[protein]
Q86UE8|1|ATP + L-seryl-[protein] = ADP + H(+) + O-phospho-L-seryl-[protein]
Q86UE8|2|ATP + L-threonyl-[protein] = ADP + H(+) + O-phospho-L-threonyl-[protein]
Q96S44|1|ATP + L-seryl-[protein] = ADP + H(+) + O-phospho-L-seryl-[protein]
Q96S44|2|ATP + L-threonyl-[protein] = ADP + H(+) + O-phospho-L-threonyl-[protein]
P33981|1|ATP + L-seryl-[protein] = ADP + H(+) + O-phospho-L-seryl-[protein]
P33981|2|ATP + L-threonyl-[protein] = ADP + H(+) + O-phospho-L-threonyl-[protein]
P33981|3|ATP + L-tyrosyl-[protein] = ADP + H(+) + O-phospho-L-tyrosyl-[protein]
Q8TAS1|1|ATP + L-seryl-[protein] = ADP + H(+) + O-phospho-L-seryl-[protein]
Q8TAS1|2|ATP + L-threonyl-[protein] = ADP + H(+) + O-phospho-L-threonyl-[protein]
O75385|1|ATP + L-seryl-[protein] = ADP + H(+) + O-phospho-L-seryl-[protein]
O75385|2|ATP + L-threonyl-[protein] = ADP + H(+) + O-phospho-L-threonyl-[protein]
Q8IYT8|1|ATP + L-seryl-[protein] = ADP + H(+) + O-phospho-L-seryl-[protein]
Q8IYT8|2|ATP + L-threonyl-[protein] = ADP + H(+) + O-phospho-L-threonyl-[protein]
Q6PHR2|1|ATP + L-seryl-[protein] = ADP + H(+) + O-phospho-L-seryl-[protein]
Q6PHR2|2|ATP + L-threonyl-[protein] = ADP + H(+) + O-phospho-L-threonyl-[protein]
Q96C45|1|ATP + L-seryl-[protein] = ADP + H(+) + O-phospho-L-seryl-[protein]
Q96C45|2|ATP + L-threonyl-[protein] = ADP + H(+) + O-phospho-L-threonyl-[protein]
P30291|1|ATP + L-tyrosyl-[protein] = ADP + H(+) + O-phospho-L-tyrosyl-[protein]
P0C1S8|1|ATP + L-tyrosyl-[protein] = ADP + H(+) + O-phospho-L-tyrosyl-[protein]
Q9H4A3|1|ATP + L-seryl-[protein] = ADP + H(+) + O-phospho-L-seryl-[protein]
Q9H4A3|2|ATP + L-threonyl-[protein] = ADP + H(+) + O-phospho-L-threonyl-[protein]
Q9Y3S1|1|ATP + L-seryl-[protein] = ADP + H(+) + O-phospho-L-seryl-[protein]
Q9Y3S1|2|ATP + L-threonyl-[protein] = ADP + H(+) + O-phospho-L-threonyl-[protein]
Q9BYP7|1|ATP + L-seryl-[protein] = ADP + H(+) + O-phospho-L-seryl-[protein]
Q9BYP7|2|ATP + L-threonyl-[protein] = ADP + H(+) + O-phospho-L-threonyl-[protein]
Q96J92|1|ATP + L-seryl-[protein] = ADP + H(+) + O-phospho-L-seryl-[protein]
Q96J92|2|ATP + L-threonyl-[protein] = ADP + H(+) + O-phospho-L-threonyl-[protein]
Q96QP1|1|ATP + L-seryl-[protein] = ADP + H(+) + O-phospho-L-seryl-[protein]
Q96QP1|2|ATP + L-threonyl-[protein] = ADP + H(+) + O-phospho-L-threonyl-[protein]
Q86TB3|1|ATP + L-seryl-[protein] = ADP + H(+) + O-phospho-L-seryl-[protein]
Q86TB3|2|ATP + L-threonyl-[protein] = ADP + H(+) + O-phospho-L-threonyl-[protein]
Q96L96|1|ATP + L-seryl-[protein] = ADP + H(+) + O-phospho-L-seryl-[protein]
Q96L96|2|ATP + L-threonyl-[protein] = ADP + H(+) + O-phospho-L-threonyl-[protein]
O00418|1|[translation elongation factor 2] + ATP = [translation elongation factor 2]-phosphate + ADP + H(+)
Q9BX84|1|ATP + L-seryl-[protein] = ADP + H(+) + O-phospho-L-seryl-[protein]
Q9BX84|2|ATP + L-threonyl-[protein] = ADP + H(+) + O-phospho-L-threonyl-[protein]
Q96QT4|1|ATP + L-seryl-[protein] = ADP + H(+) + O-phospho-L-seryl-[protein]
Q96QT4|2|ATP + L-threonyl-[protein] = ADP + H(+) + O-phospho-L-threonyl-[protein]
Q14296|1|[Fas-activated protein]-L-serine + ATP = [Fas-activated protein]-O-phospho-L-serine + ADP + H(+)
Q14296|2|[Fas-activated protein]-L-threonine + ATP = [Fas-activated protein]-O-phospho-L-threonine + ADP + H(+)
O14874|1|[3-methyl-2-oxobutanoate dehydrogenase]-L-serine + ATP = [3-methyl-2-oxobutanoate dehydrogenase]-O-phospho-L-serine + ADP + H(+)
Q15118|1|[pyruvate dehydrogenase E1 alpha subunit]-L-serine + ATP = [pyruvate dehydrogenase E1 alpha subunit]-O-phospho-L-serine + ADP + H(+)
Q15119|1|[pyruvate dehydrogenase E1 alpha subunit]-L-serine + ATP = [pyruvate dehydrogenase E1 alpha subunit]-O-phospho-L-serine + ADP + H(+)
Q15120|1|[pyruvate dehydrogenase E1 alpha subunit]-L-serine + ATP = [pyruvate dehydrogenase E1 alpha subunit]-O-phospho-L-serine + ADP + H(+)
Q16654|1|[pyruvate dehydrogenase E1 alpha subunit]-L-serine + ATP = [pyruvate dehydrogenase E1 alpha subunit]-O-phospho-L-serine + ADP + H(+)
Q13315|1|ATP + L-seryl-[protein] = ADP + H(+) + O-phospho-L-seryl-[protein]
Q13315|2|ATP + L-threonyl-[protein] = ADP + H(+) + O-phospho-L-threonyl-[protein]
Q13535|1|ATP + L-seryl-[protein] = ADP + H(+) + O-phospho-L-seryl-[protein]
Q13535|2|ATP + L-threonyl-[protein] = ADP + H(+) + O-phospho-L-threonyl-[protein]
P42345|1|ATP + L-seryl-[protein] = ADP + H(+) + O-phospho-L-seryl-[protein]
P42345|2|ATP + L-threonyl-[protein] = ADP + H(+) + O-phospho-L-threonyl-[protein]
P42336|1|a 1,2-diacyl-sn-glycero-3-phospho-(1D-myo-inositol-4,5-bisphosphate) + ATP = a 1,2-diacyl-sn-glycero-3-phospho-(1D-myo-inositol-3,4,5-trisphosphate) + ADP + H(+)
P42336|2|ATP + L-seryl-[protein] = ADP + H(+) + O-phospho-L-seryl-[protein]
P42336|3|ATP + L-threonyl-[protein] = ADP + H(+) + O-phospho-L-threonyl-[protein]
P42338|1|a 1,2-diacyl-sn-glycero-3-phospho-(1D-myo-inositol-4,5-bisphosphate) + ATP = a 1,2-diacyl-sn-glycero-3-phospho-(1D-myo-inositol-3,4,5-trisphosphate) + ADP + H(+)
O00329|1|a 1,2-diacyl-sn-glycero-3-phospho-(1D-myo-inositol-4,5-bisphosphate) + ATP = a 1,2-diacyl-sn-glycero-3-phospho-(1D-myo-inositol-3,4,5-trisphosphate) + ADP + H(+)
P48736|1|a 1,2-diacyl-sn-glycero-3-phospho-(1D-myo-inositol-4,5-bisphosphate) + ATP = a 1,2-diacyl-sn-glycero-3-phospho-(1D-myo-inositol-3,4,5-trisphosphate) + ADP + H(+)
P48736|2|ATP + L-seryl-[protein] = ADP + H(+) + O-phospho-L-seryl-[protein]
P48736|3|ATP + L-threonyl-[protein] = ADP + H(+) + O-phospho-L-threonyl-[protein]
P78527|1|ATP + L-seryl-[protein] = ADP + H(+) + O-phospho-L-seryl-[protein]
P78527|2|ATP + L-threonyl-[protein] = ADP + H(+) + O-phospho-L-threonyl-[protein]
Q96Q15|1|ATP + L-seryl-[protein] = ADP + H(+) + O-phospho-L-seryl-[protein]
Q96Q15|2|ATP + L-threonyl-[protein] = ADP + H(+) + O-phospho-L-threonyl-[protein]
Q9BRS2|1|ATP + L-seryl-[protein] = ADP + H(+) + O-phospho-L-seryl-[protein]
Q9BRS2|2|ATP + L-threonyl-[protein] = ADP + H(+) + O-phospho-L-threonyl-[protein]
Q9BVS4|1|ATP + L-seryl-[protein] = ADP + H(+) + O-phospho-L-seryl-[protein]
Q9BVS4|2|ATP + L-threonyl-[protein] = ADP + H(+) + O-phospho-L-threonyl-[protein]
O14730|1|ATP + L-seryl-[protein] = ADP + H(+) + O-phospho-L-seryl-[protein]
O14730|2|ATP + L-threonyl-[protein] = ADP + H(+) + O-phospho-L-threonyl-[protein]
