INN_Name,BrandName,Phase,LigID,MW,Synonyms,Image URL
Abemaciclib,Verzenio,4,'6ZV',506.3,Verzenio,www.icoa.fr/pkidb/static/img/mol/Abemaciclib.svg
,,,,,Abemaciclib,
,,,,,LY-2835219,
Abivertinib,nan,3,NaN,487.2,AC0010,www.icoa.fr/pkidb/static/img/mol/Abivertinib.svg
,,,,,Avitinib,
Acalabrutinib,Calquence,4,NaN,465.2,Calquence,www.icoa.fr/pkidb/static/img/mol/Acalabrutinib.svg
,,,,,ACP-196,
,,,,,Acalabrutinib,
Acalisib,nan,2,NaN,401.1,CAL-120,www.icoa.fr/pkidb/static/img/mol/Acalisib.svg
Acumapimod,nan,2,NaN,385.2,,www.icoa.fr/pkidb/static/img/mol/Acumapimod.svg
Adavosertib,nan,2,'8X7',500.3,AZD-1775,www.icoa.fr/pkidb/static/img/mol/Adavosertib.svg
,,,,,MK-1775,
Afatinib,Gilotrif,4,'0WM',485.2,Giotrif;Gilotrif,www.icoa.fr/pkidb/static/img/mol/Afatinib.svg
,,,,,Afatinib,
,,,,,BIBW-2992,
Afuresertib,nan,2,NaN,426,GSK2110183,www.icoa.fr/pkidb/static/img/mol/Afuresertib.svg
,,,,,Afuresertib,
,,,,,GSK2110183C,
Alectinib,Alecensa,4,'EMH',482.3,Alectinib,www.icoa.fr/pkidb/static/img/mol/Alectinib.svg
,,,,,CH-5424802,
,,,,,AF-802,
Alisertib,nan,3,'A5B',518.1,MLN-8237,www.icoa.fr/pkidb/static/img/mol/Alisertib.svg
,,,,,Alisertib,
Allitinib,nan,1,NaN,448.1,AST-1306,www.icoa.fr/pkidb/static/img/mol/Allitinib.svg
,,,,,ALL-3,
,Piqray,4,'1LT',441.1,NVP-BYL719,www.icoa.fr/pkidb/static/img/mol/Alpelisib.svg
,,,,,Alpelisib,
,,,,,BYL-719,
Altiratinib,nan,1,NaN,510.2,DCC-2701,www.icoa.fr/pkidb/static/img/mol/Altiratinib.svg
,,,,,Altiratinib,
,,,,,DP-5164,
Alvocidib,nan,3,'CPB',401.1,L-86-8275,www.icoa.fr/pkidb/static/img/mol/Alvocidib.svg
,,,,,Flavopiridol,
,,,,,MDL-107826A,
,,,,,HL-275,
,,,,,HMR-1275,
,,,,,Alvocidib,
,,,,,NSC-649890,
,,,,,L-868275,
Amcasertib,nan,2,NaN,539.2,BBI-503,www.icoa.fr/pkidb/static/img/mol/Amcasertib.svg
,,,,,Amcasertib,
Amuvatinib,nan,2,NaN,447.1,MP-470,www.icoa.fr/pkidb/static/img/mol/Amuvatinib.svg
,,,,,HPK56,
,,,,,Amuvatinib,
,,,,,HPK-56,
Anlotinib,nan,4,NaN,407.2,ALTN,www.icoa.fr/pkidb/static/img/mol/Anlotinib.svg
,,,,,,
,,,,,APCII,
,,,,,AL3818,
,,,,,ATC I,
,,,,,FU KE WEI,
,,,,,APC I,
,,,,,ATCII,
,,,,,ANLOTINIB,
Apatinib,nan,4,NaN,397.2,NO.,www.icoa.fr/pkidb/static/img/mol/Apatinib.svg
,,,,,STUDY DRUG,
,,,,,5-FLUOROURACIL,
,,,,,VP-16,
,,,,,ALBUMIN PACLITAXEL,
,,,,,AITAN,
,,,,,DOCETAXEL,
,,,,,EGAFUR,
,,,,,EMOZOLOMIDE_TMZ_,
,,,,,PLATINU,
,,,,,NAVELBINE+AITAN,
,,,,,PEMETREXED,
,,,,,H20140103,
,,,,,S1,
,,,,,ARGET THERAPY,
,,,,,SPA,
,,,,,YN968D1,
,,,,,CARBOPLATIN,
,,,,,ARM A,
,,,,,PACLITAXOL,
,,,,,XELOX,
,,,,,APATINIB GROUP,
,,,,,S-1,
,,,,,ATAN,
,,,,,AI TAN,
,,,,,APATINIB,
,,,,,REATMENT GROUP,
,,,,,CAPECITABINE,
,,,,,YEW,
,,,,,APATINIB MESYLATE,
,,,,,ESYLATE APATINIB,
,,,,,APATINIB TABLETS,
,,,,,OXALIPLATIN,
,,,,,"YN968D1,(AITAN¨",
Apitolisib,nan,2,'980',498.2,GDC-0980.1,www.icoa.fr/pkidb/static/img/mol/Apitolisib.svg
,,,,,RG-7422,
,,,,,G-038390.1,
,,,,,GDC-0980,
,,,,,Apitolisib,
,,,,,G-038390,
Asciminib,nan,3,'AY7',449.1,ASCIMINIB,www.icoa.fr/pkidb/static/img/mol/Asciminib.svg
Avapritinib,nan,3,NaN,498.2,BLU-285,www.icoa.fr/pkidb/static/img/mol/Avapritinib.svg
Axitinib,Inlyta,4,'AXI',386.1,Inlyta,www.icoa.fr/pkidb/static/img/mol/Axitinib.svg
,,,,,AG-13736,
,,,,,Axitinib,
,,,,,AG-013736,
Bafetinib,nan,2,'406',576.3,CNS-9,www.icoa.fr/pkidb/static/img/mol/Bafetinib.svg
,,,,,Bafetinib,
,,,,,NS-187,
,,,,,INNO-406,
Balamapimod,nan,1,NaN,573.2,MKI-833,www.icoa.fr/pkidb/static/img/mol/Balamapimod.svg
,,,,,Balamapimod,
Barasertib,nan,3,NaN,587.2,Barasertib,www.icoa.fr/pkidb/static/img/mol/Barasertib.svg
,,,,,AZD-1152,
Baricitinib,Olumiant,4,'3JW',371.1,Baricitinib,www.icoa.fr/pkidb/static/img/mol/Baricitinib.svg
,,,,,LY-3009104,
,,,,,INCB-28050,
,,,,,INCB-028050,
Bemcentinib,nan,2,NaN,506.3,BGB324; KEYTRUDA,www.icoa.fr/pkidb/static/img/mol/Bemcentinib.svg
,,,,,,
,,,,,BEMCENTINIB,
Bentamapimod,nan,2,NaN,457.2,PGL-5001,www.icoa.fr/pkidb/static/img/mol/Bentamapimod.svg
,,,,,Bentamapimod,
,,,,,AS-602801,
Berzosertib,nan,2,NaN,463.2,VX-970,www.icoa.fr/pkidb/static/img/mol/Berzosertib.svg
,,,,,Berzosertib,
Bimiralisib,nan,2,'A3W',411.2,PQR309,www.icoa.fr/pkidb/static/img/mol/Bimiralisib.svg
,,,,,BIMIRALISIB,
Binimetinib,Mektovi,4,NaN,440,ARRY-162,www.icoa.fr/pkidb/static/img/mol/Binimetinib.svg
,,,,,NVP-MEK162,
,,,,,Binimetinib,
,,,,,MEK-162,
,,,,,ARRY-438162,
Bosutinib,Bosulif,4,'DB8',529.2,Bosulif,www.icoa.fr/pkidb/static/img/mol/Bosutinib.svg
,,,,,Bosutinib Monohydrate,
,,,,,Bosutinib,
,,,,,SKI-606,
Brigatinib,Alunbrig,4,'6GY',583.3,Alunbrig,www.icoa.fr/pkidb/static/img/mol/Brigatinib.svg
,,,,,AP-26113,
,,,,,Brigatinib,
Brivanib,nan,3,NaN,370.1,Brivanib,www.icoa.fr/pkidb/static/img/mol/Brivanib.svg
,,,,,BMS-540215,
Buparlisib,nan,3,'SD5',410.2,NVP-BKM120,www.icoa.fr/pkidb/static/img/mol/Buparlisib.svg
,,,,,BKM-120,
,,,,,Buparlisib,
,,,,,BKM120-NX,
Cabozantinib,Cabometyx;Cometriq,4,NaN,501.2,Cabometyx;Cometriq,www.icoa.fr/pkidb/static/img/mol/Cabozantinib.svg
,,,,,XL-184,
,,,,,Cabozantinib,
,,,,,BMS-907351,
Canertinib,nan,3,NaN,485.2,CI-1033,www.icoa.fr/pkidb/static/img/mol/Canertinib.svg
,,,,,Canertinib,
Capivasertib,nan,2,'0XZ',428.2,AZD-5363,www.icoa.fr/pkidb/static/img/mol/Capivasertib.svg
Capmatinib,nan,3,NaN,412.1,INC280,www.icoa.fr/pkidb/static/img/mol/Capmatinib.svg
,,,,,Capmatinib,
,,,,,INCB-28060,
,,,,,NVP-INC280,
,,,,,NYP-INC280-NX,
,,,,,INC-280,
Cediranib,Recentin,3,NaN,450.2,Recentin,www.icoa.fr/pkidb/static/img/mol/Cediranib.svg
,,,,,ZD-2171,
,,,,,AZD-2171,
,,,,,Cediranib,
Cenisertib,nan,1,NaN,451.2,R-763,www.icoa.fr/pkidb/static/img/mol/Cenisertib.svg
,,,,,AS-703569,
Ceralasertib,nan,2,NaN,412.2,AZD6738,www.icoa.fr/pkidb/static/img/mol/Ceralasertib.svg
Cerdulatinib,nan,2.5,NaN,445.2,PRT-062070,www.icoa.fr/pkidb/static/img/mol/Cerdulatinib.svg
Ceritinib,Zykadia,4,'4MK',557.2,Zykadia,www.icoa.fr/pkidb/static/img/mol/Ceritinib.svg
,,,,,Ceritinib,
,,,,,NVP-LDK378-NX,
Cobimetinib,Cotellic,4,'EUI',531.1,Cotellic,www.icoa.fr/pkidb/static/img/mol/Cobimetinib.svg
,,,,,RG-7421,
,,,,,GDC-0973,
,,,,,RG-7420,
,,,,,XL-518,
,,,,,Cobimetinib,
Copanlisib,Aliqopa,4,'6E2',480.2,Copanlisib,www.icoa.fr/pkidb/static/img/mol/Copanlisib.svg
,,,,,BAY 80-6946,
,,,,,BAY-80-6946,
Crenolanib,nan,3,'6T2',443.2,CP-868596,www.icoa.fr/pkidb/static/img/mol/Crenolanib.svg
,,,,,ARO-002,
,,,,,Crenolanib,
Crizotinib,Xalkori,4,'VGH',449.1,Xalkori,www.icoa.fr/pkidb/static/img/mol/Crizotinib.svg
,,,,,Crizotinib,
,,,,,PF-2341066,
Dabrafenib,Tafinlar,4,'P06',519.1,Tafinlar,www.icoa.fr/pkidb/static/img/mol/Dabrafenib.svg
,,,,,GSK2118436A,
,,,,,Dabrafenib,
Dacomitinib,Vizimpro,4,'1C9',469.2,Dacomitinib,www.icoa.fr/pkidb/static/img/mol/Dacomitinib.svg
,,,,,PF-00299804,
Dactolisib,nan,2,NaN,469.2,Dactolisib,www.icoa.fr/pkidb/static/img/mol/Dactolisib.svg
,,,,,NVP-BEZ235-NX,
,,,,,BEZ-235,
,,,,,NVP-BEZ235,
Danusertib,nan,2,'627',474.2,Danusertib,www.icoa.fr/pkidb/static/img/mol/Danusertib.svg
,,,,,PHA-739358,
Dasatinib,Sprycel,4,'1N1',487.2,Sprycel;Dasatinib,www.icoa.fr/pkidb/static/img/mol/Dasatinib.svg
,,,,,BMS-354825-03,
,,,,,BMS-354825,
,,,,,Dasatinib,
Decernotinib,nan,2,'VJK',392.2,VRT-831509,www.icoa.fr/pkidb/static/img/mol/Decernotinib.svg
,,,,,Adelatinib,
,,,,,VX-509,
,,,,,Decernotinib,
Defactinib,nan,2,'7KD',510.1,PF-04554878,www.icoa.fr/pkidb/static/img/mol/Defactinib.svg
,,,,,VS-6063,
,,,,,Defactinib,
Derazantinib,nan,1.5,NaN,468.2,,www.icoa.fr/pkidb/static/img/mol/Derazantinib.svg
Dezapelisib,nan,0,NaN,421.1,INCB040093,www.icoa.fr/pkidb/static/img/mol/Dezapelisib.svg
,,,,,Dezapelisib,
Dilmapimod,nan,2,NaN,456.1,Dilmapimod,www.icoa.fr/pkidb/static/img/mol/Dilmapimod.svg
,,,,,GW681323,
,,,,,SB-681323,
Dinaciclib,nan,3,NaN,396.2,MK-7965,www.icoa.fr/pkidb/static/img/mol/Dinaciclib.svg
,,,,,SCH-727965,
,,,,,Dinaciclib,
Doramapimod,nan,2,'B96',527.3,Doramapimod,www.icoa.fr/pkidb/static/img/mol/Doramapimod.svg
,,,,,BIRB-796,
Dovitinib,nan,3,'38O',392.2,GFKI-258,www.icoa.fr/pkidb/static/img/mol/Dovitinib.svg
,,,,,TKI-258,
,,,,,CHIR-258,
,,,,,NVP-TKI258,
,,,,,Dovitinib,
Duvelisib,Copiktra,4,NaN,416.1,INK-1197,www.icoa.fr/pkidb/static/img/mol/Duvelisib.svg
,,,,,INK-1147,
,,,,,IPI-145,
,,,,,Duvelisib,
Encorafenib,Braftovi,4,NaN,539.2,NVP-LGX818-NXA,www.icoa.fr/pkidb/static/img/mol/Encorafenib.svg
,,,,,LGX-818,
,,,,,Encorafenib,
,,,,,NVP-LGX818,
Ensartinib,nan,3,NaN,560.2,X-396,www.icoa.fr/pkidb/static/img/mol/Ensartinib.svg
,,,,,X396,
,,,,,X-396 CAPSULES,
,,,,,ENSARTINIB,
Entospletinib,nan,2,'CG9',411.2,GS-9973,www.icoa.fr/pkidb/static/img/mol/Entospletinib.svg
,,,,,Entospletinib,
Entrectinib,Rozlytrek,4,'YMX',560.3,Entrectinib,www.icoa.fr/pkidb/static/img/mol/Entrectinib.svg
,,,,,RXDX-101,
,,,,,NMS-E628,
Enzastaurin,nan,3,NaN,515.2,LY-317615,www.icoa.fr/pkidb/static/img/mol/Enzastaurin.svg
,,,,,Enzastaurin,
Erdafitinib,Balversa,4,'5SF',446.2,Erdafitinib,www.icoa.fr/pkidb/static/img/mol/Erdafitinib.svg
,,,,,JNJ-42756493,
Erlotinib,Tarceva,4,'AQ4',393.2,Tarceva,www.icoa.fr/pkidb/static/img/mol/Erlotinib.svg
,,,,,Erlotinib,
,,,,,OSI-774,
,,,,,RG-1415,
,,,,,CP-358774,
,,,,,R-1415,
,,,,,Ro-508231,
Evobrutinib,nan,2,'MZJ',429.2,EVOBRUTINIB,www.icoa.fr/pkidb/static/img/mol/Evobrutinib.svg
Famitinib,nan,3,NaN,410.2,SHR-1020,www.icoa.fr/pkidb/static/img/mol/Famitinib.svg
Fasudil,nan,4,'M77',291.1,HA-1077,www.icoa.fr/pkidb/static/img/mol/Fasudil.svg
,,,,,Fasudil,
,,,,,ZK-258594,
,,,,,AT-877,
Fedratinib,Inrebic,4,'2TA',524.3,SAR-302503,www.icoa.fr/pkidb/static/img/mol/Fedratinib.svg
,,,,,Fedratinib,
,,,,,TG101348,
,,,,,TG-101348,
Filgotinib,nan,3,'2HB',425.2,G-146034,www.icoa.fr/pkidb/static/img/mol/Filgotinib.svg
,,,,,GLPG-0634,
,,,,,Filgotinib,
Flumatinib,nan,3,NaN,562.2,HHGV-678,www.icoa.fr/pkidb/static/img/mol/Flumatinib.svg
,,,,,Flumatinib,
Foretinib,nan,2,'88Z',632.2,EXEL-2880,www.icoa.fr/pkidb/static/img/mol/Foretinib.svg
,,,,,Foretinib,
,,,,,GSK1363089G,
,,,,,GSK1363089,
,,,,,GSK-1363089,
,,,,,XL-880,
,,,,,GSK089,
Fostamatinib,Tavalisse,4,'2RC',580.1,R-935788,www.icoa.fr/pkidb/static/img/mol/Fostamatinib.svg
,,,,,R-788 Free acid,
,,,,,R-935788 Free acid,
,,,,,Fostamatinib,
,,,,,R-788,
Fruquintinib,nan,3,NaN,393.1,HMP-013,www.icoa.fr/pkidb/static/img/mol/Fruquintinib.svg
,,,,,,
,,,,,HMPL-013,
Galunisertib,nan,2,NaN,369.2,Galunisertib,www.icoa.fr/pkidb/static/img/mol/Galunisertib.svg
,,,,,LY-2157299,
Gandotinib,nan,2,NaN,469.2,LY-2784544,www.icoa.fr/pkidb/static/img/mol/Gandotinib.svg
,,,,,Gandotinib,
Gedatolisib,nan,2,NaN,615.3,PKI-587,www.icoa.fr/pkidb/static/img/mol/Gedatolisib.svg
,,,,,Gedatolisib,
,,,,,PF-05212384,
Gefitinib,Iressa,4,'IRE',446.2,Iressa,www.icoa.fr/pkidb/static/img/mol/Gefitinib.svg
,,,,,Gefitinib,
,,,,,Iressa,
,,,,,ZD-1839,
Gilteritinib,Xospata,4,'C6F',552.4,ASP-2215,www.icoa.fr/pkidb/static/img/mol/Gilteritinib.svg
,,,,,Gilteritinib,
Glesatinib,nan,2,NaN,619.2,MG90265H9,www.icoa.fr/pkidb/static/img/mol/Glesatinib.svg
,,,,,MG90265gly,
,,,,,MGCD265,
,,,,,MG90265,
,,,,,MG90265X,
,,,,,Glesatinib,
Golvatinib,nan,2,'GV0',633.3,E-7050,www.icoa.fr/pkidb/static/img/mol/Golvatinib.svg
,,,,,Golvatinib,
,,,,,E7050,
Henatinib,nan,1,NaN,468.2,,www.icoa.fr/pkidb/static/img/mol/Henatinib.svg
Ibrutinib,Imbruvica,4,'1E8',440.2,Imbruvica,www.icoa.fr/pkidb/static/img/mol/Ibrutinib.svg
,,,,,PCI-32765,
,,,,,PCI-32765-00,
,,,,,Ibrutinib,
,,,,,CRA-032765,
Icotinib,nan,4,NaN,391.2,BPI-2009H,www.icoa.fr/pkidb/static/img/mol/Icotinib.svg
Idelalisib,Zydelig,4,'40L',415.2,Zydelig,www.icoa.fr/pkidb/static/img/mol/Idelalisib.svg
,,,,,GS-1101,
,,,,,GS-11CAL-101,
,,,,,Idelalisib,
,,,,,CAL-101,
Ilorasertib,nan,2,NaN,488.1,A-968660,www.icoa.fr/pkidb/static/img/mol/Ilorasertib.svg
,,,,,ABT-348,
,,,,,Ilorasertib,
Imatinib,Gleevec,4,'STI',493.3,Gleevec,www.icoa.fr/pkidb/static/img/mol/Imatinib.svg
,,,,,Imatinib,
,,,,,STI-571,
Infigratinib,nan,2,'07J',559.2,BGJ-398,www.icoa.fr/pkidb/static/img/mol/Infigratinib.svg
,,,,,NVP-BGJ398,
Ipatasertib,nan,3,'0RF',457.2,GDC-0068,www.icoa.fr/pkidb/static/img/mol/Ipatasertib.svg
,,,,,Ipatasertib,
,,,,,RG-7440,
Itacitinib,nan,3,NaN,553.2,INCB-039110,www.icoa.fr/pkidb/static/img/mol/Itacitinib.svg
,,,,,INCB-39110,
,,,,,Itacitinib,
,,,,,INCB039110,
Lapatinib,Tykerb,4,'FMM',580.1,Tyverb,www.icoa.fr/pkidb/static/img/mol/Lapatinib.svg
,,,,,GW-2016,
,,,,,GW-572016,
,,,,,Lapatinib,
Larotrectinib,Vitrakvi,4,NaN,428.2,Larotrectinib,www.icoa.fr/pkidb/static/img/mol/Larotrectinib.svg
,,,,,LOXO-101,
Lazertinib,nan,1,NaN,554.3,,www.icoa.fr/pkidb/static/img/mol/Lazertinib.svg
Leniolisib,nan,0,'9NQ',450.2,CDZ173-NX,www.icoa.fr/pkidb/static/img/mol/Leniolisib.svg
,,,,,Leniolisib,
Lenvatinib,Kisplyx;Lenvima,4,'LEV',426.1,Lenvima;Kisplyx,www.icoa.fr/pkidb/static/img/mol/Lenvatinib.svg
,,,,,ER-203492-00,
,,,,,Lenvatinib,
Lestaurtinib,nan,3,NaN,439.2,KT-5555,www.icoa.fr/pkidb/static/img/mol/Lestaurtinib.svg
,,,,,KT-555,
,,,,,Lestaurtinib,
,,,,,SPM-924,
,,,,,SP-924,
,,,,,A-154475,
,,,,,CEP-701,
,,,,,Cep-701,
,,,,,SP924,
,,,,,A-1544750,
Linifanib,nan,3,NaN,375.1,ABT-869,www.icoa.fr/pkidb/static/img/mol/Linifanib.svg
,,,,,RG-3635,
,,,,,Linifanib,
,,,,,AL-39324,
Linsitinib,nan,3,NaN,421.2,Linsitinib,www.icoa.fr/pkidb/static/img/mol/Linsitinib.svg
,,,,,ASP-7487,
,,,,,OSI-906,
,,,,,OSI-906AA,
Lorlatinib,Lorbrena,4,'5P8',406.2,Lorlatinib,www.icoa.fr/pkidb/static/img/mol/Lorlatinib.svg
,,,,,PF-06463922,
Losmapimod,nan,3,NaN,383.2,GSKAHAB,www.icoa.fr/pkidb/static/img/mol/Losmapimod.svg
,,,,,GW856553,
,,,,,GW856553X,
,,,,,Losmapimod,
Lucitanib,nan,2,'3ZC',443.2,E-3810,www.icoa.fr/pkidb/static/img/mol/Lucitanib.svg
,,,,,CO-3810,
,,,,,Lucitanib,
,,,,,S-80881,
,,,,,AL-3810,
Masitinib,Kinavet;Masivet,3,'G65',498.2,Masivet;Kinavet,www.icoa.fr/pkidb/static/img/mol/Masitinib.svg
,,,,,Masitinib,
,,,,,AB-1010,
Mavelertinib,nan,0,NaN,415.2,PF-06747775,www.icoa.fr/pkidb/static/img/mol/Mavelertinib.svg
,,,,,Mavelertinib,
Merestinib,nan,2,'L1X',552.2,Merestinib,www.icoa.fr/pkidb/static/img/mol/Merestinib.svg
,,,,,LY-2801653,
Midostaurin,Rydapt,4,'2K2',570.2,Rydapt,www.icoa.fr/pkidb/static/img/mol/Midostaurin.svg
,,,,,Midostaurin,
,,,,,NVP-PKC412,
,,,,,PKC-412,
,,,,,CGP-41251,
Milciclib,nan,2,'P48',460.3,PHA-848125,www.icoa.fr/pkidb/static/img/mol/Milciclib.svg
,,,,,Milciclib,
Momelotinib,nan,3,'C87',414.2,CYT-11387,www.icoa.fr/pkidb/static/img/mol/Momelotinib.svg
,,,,,GS-0387,
,,,,,Momelotinib,
,,,,,CYT-387,
Motesanib,nan,3,'706',373.2,AMG-706,www.icoa.fr/pkidb/static/img/mol/Motesanib.svg
,,,,,Motesanib,
Mubritinib,nan,1,NaN,468.2,TAK-165,www.icoa.fr/pkidb/static/img/mol/Mubritinib.svg
,,,,,Mubritinib,
Naquotinib,nan,3,'8RC',562.3,Naquotinib,www.icoa.fr/pkidb/static/img/mol/Naquotinib.svg
,,,,,ASP8273,
Nazartinib,nan,3,NaN,494.2,NAZARTINIB,www.icoa.fr/pkidb/static/img/mol/Nazartinib.svg
Neflamapimod,nan,2,'52P',435,Neflamapimod,www.icoa.fr/pkidb/static/img/mol/Neflamapimod.svg
,,,,,VD-31,
,,,,,VRT-031745,
,,,,,VX-745,
,,,,,745,
Nemiralisib,nan,0,'VVX',440.2,GSK2269557A,www.icoa.fr/pkidb/static/img/mol/Nemiralisib.svg
,,,,,GSK-2269557,
,,,,,Nemiralisib,
Neratinib,Nerlynx,4,NaN,556.2,WAY-179272,www.icoa.fr/pkidb/static/img/mol/Neratinib.svg
,,,,,CDP-820,
,,,,,Neratinib,
,,,,,HKI-272,
Netarsudil,Rhopressa,4,NaN,453.2,AR-13324,www.icoa.fr/pkidb/static/img/mol/Netarsudil.svg
Nilotinib,Tasigna,4,'NIL',529.2,Tasigna,www.icoa.fr/pkidb/static/img/mol/Nilotinib.svg
,,,,,Nilotinib,
,,,,,AMN-107,
Ningetinib,nan,1.5,NaN,556.2,NINGETINIB,www.icoa.fr/pkidb/static/img/mol/Ningetinib.svg
Nintedanib,Ofev;Vargatef,4,'XIN',539.3,Ofev;Vargatef,www.icoa.fr/pkidb/static/img/mol/Nintedanib.svg
,,,,,Nintedanib,
,,,,,BIBF-1120,
Oclacitinib,nan,0,NaN,337.2,Oclacitinib,www.icoa.fr/pkidb/static/img/mol/Oclacitinib.svg
,,,,,JAKI,
,,,,,PF-03394197,
Olmutinib,nan,2,NaN,486.2,BI 1482694,www.icoa.fr/pkidb/static/img/mol/Olmutinib.svg
,,,,,Olmutinib,
,,,,,HM61713,
,,,,,HM-61713,
Omipalisib,nan,1,'ZIG',505.1,Omipalisib,www.icoa.fr/pkidb/static/img/mol/Omipalisib.svg
,,,,,GSK2126458,
Orantinib,nan,3,'SU6',310.1,TSU-68,www.icoa.fr/pkidb/static/img/mol/Orantinib.svg
,,,,,SU-6668,
,,,,,Orantinib,
Osimertinib,Tagrisso,4,'YY3',499.3,Tagrisso,www.icoa.fr/pkidb/static/img/mol/Osimertinib.svg
,,,,,Osimertinib,
,,,,,AZD-9291,
Pacritinib,nan,3,'6T3',472.2,ONX-0803,www.icoa.fr/pkidb/static/img/mol/Pacritinib.svg
,,,,,SB-1518,
,,,,,SB1518,
,,,,,Pacritinib,
Palbociclib,Ibrance,4,'LQQ',447.2,Ibrance,www.icoa.fr/pkidb/static/img/mol/Palbociclib.svg
,,,,,Palbociclib,
,,,,,PD-0332991,
Pamapimod,nan,2,'FLW',406.1,R-1503,www.icoa.fr/pkidb/static/img/mol/Pamapimod.svg
,,,,,JTT-705,
,,,,,Pamapimod,
,,,,,Ro-4402257,
Panulisib,nan,1,NaN,527.2,,www.icoa.fr/pkidb/static/img/mol/Panulisib.svg
Parsaclisib,nan,2,NaN,432.1,INCB050465,www.icoa.fr/pkidb/static/img/mol/Parsaclisib.svg
Pazopanib,Votrient,4,NaN,437.2,Votrient,www.icoa.fr/pkidb/static/img/mol/Pazopanib.svg
,,,,,Pazopanib,
,,,,,GW786034,
Peficitinib,nan,3,'9T6',326.2,ASP015K,www.icoa.fr/pkidb/static/img/mol/Peficitinib.svg
,,,,,ASP015K hydrobromide,
Pelitinib,nan,2,'93J',467.2,WAY-EKB-569,www.icoa.fr/pkidb/static/img/mol/Pelitinib.svg
,,,,,EKB-569,
,,,,,Pelitinib,
Pexidartinib,Turalio,4,'P31',417.1,CML-261,www.icoa.fr/pkidb/static/img/mol/Pexidartinib.svg
,,,,,Pexidartinib,
,,,,,PLX3397,
Pexmetinib,nan,1,NaN,556.3,,www.icoa.fr/pkidb/static/img/mol/Pexmetinib.svg
Pictilisib,nan,2,'GD9',513.2,RG-7321,www.icoa.fr/pkidb/static/img/mol/Pictilisib.svg
,,,,,GDC-0941,
,,,,,Pictilisib,
Pilaralisib,nan,2,NaN,540.1,Pilaralisib,www.icoa.fr/pkidb/static/img/mol/Pilaralisib.svg
,,,,,SAR-245408,
,,,,,XL-147,
Pimasertib,nan,2,NaN,431,MSC1936369A; AS703026; EMD 1036239,www.icoa.fr/pkidb/static/img/mol/Pimasertib.svg
,,,,,AS-703026,
,,,,,MSC-1936369B,
,,,,,EMD 1036239,
,,,,,Pimasertib,
Ponatinib,Iclusig,4,'0LI',532.2,Iclusig,www.icoa.fr/pkidb/static/img/mol/Ponatinib.svg
,,,,,AP-24534,
,,,,,Ponatinib,
Poziotinib,nan,2,NaN,490.1,NOV-120101,www.icoa.fr/pkidb/static/img/mol/Poziotinib.svg
,,,,,Poziotinib,
,,,,,HM-781-36B,
Pralsetinib,nan,1.5,NaN,533.3,BLU-667,www.icoa.fr/pkidb/static/img/mol/Pralsetinib.svg
Prexasertib,nan,2,NaN,365.2,LY-2606368,www.icoa.fr/pkidb/static/img/mol/Prexasertib.svg
,,,,,Prexasertib,
Pyrotinib,nan,3,NaN,582.2,SHR1258,www.icoa.fr/pkidb/static/img/mol/Pyrotinib.svg
Quizartinib,nan,3,'P30',560.2,ASP-2689,www.icoa.fr/pkidb/static/img/mol/Quizartinib.svg
,,,,,AC220,
,,,,,Quizartinib,
,,,,,AC010220,
,,,,,AC-220,
Rabusertib,nan,2,NaN,435.1,Rabusertib,www.icoa.fr/pkidb/static/img/mol/Rabusertib.svg
,,,,,LY-2603618,
,,,,,IC-83,
Radotinib,nan,3,NaN,530.2,SUPEC,www.icoa.fr/pkidb/static/img/mol/Radotinib.svg
,,,,,IY5511HCL,
Ralimetinib,nan,2,NaN,420.2,LY-2228820,www.icoa.fr/pkidb/static/img/mol/Ralimetinib.svg
,,,,,LY-22288220,
,,,,,Ralimetinib,
Ravoxertinib,nan,1,'6QB',440.1,Ravoxertinib,www.icoa.fr/pkidb/static/img/mol/Ravoxertinib.svg
,,,,,RG-7842,
,,,,,GDC-0994,
Rebastinib,nan,2,'919',553.2,DP-1919,www.icoa.fr/pkidb/static/img/mol/Rebastinib.svg
,,,,,DP-1919,
,,,,,DCC-2036,
,,,,,Rebastinib,
Recilisib,Ex-RAD,1,NaN,336,Ex-RAD,www.icoa.fr/pkidb/static/img/mol/Recilisib.svg
,,,,,ON-01210,
,,,,,ON-01210.Na,
,,,,,Recilisib,
Refametinib,nan,2,'VRA',572,BAY-86-9766,www.icoa.fr/pkidb/static/img/mol/Refametinib.svg
,,,,,Refametinib,
,,,,,RDEA-119,
Regorafenib,Stivarga,4,NaN,482.1,Stivarga,www.icoa.fr/pkidb/static/img/mol/Regorafenib.svg
,,,,,Regorafenib,
,,,,,BAY-734506 monohydrate,
,,,,,BAY-73-4506,
Ribociclib,Kisqali,4,'6ZZ',434.3,Ribociclib,www.icoa.fr/pkidb/static/img/mol/Ribociclib.svg
,,,,,LEE-011,
,,,,,NVP-LEE011,
Rigosertib,nan,3,'6FS',451.1,Rigosertib,www.icoa.fr/pkidb/static/img/mol/Rigosertib.svg
,,,,,ON-01910,
Ripasudil,nan,2,NaN,323.1,RIPASUDIL,www.icoa.fr/pkidb/static/img/mol/Ripasudil.svg
Ripretinib,nan,3,NaN,509.1,DCC-2618,www.icoa.fr/pkidb/static/img/mol/Ripretinib.svg
,,,,,RIPRETINIB,
Riviciclib,nan,2,NaN,401.1,,www.icoa.fr/pkidb/static/img/mol/Riviciclib.svg
Rivoceranib,nan,1,NaN,493.2,YN-968D1,www.icoa.fr/pkidb/static/img/mol/Rivoceranib.svg
Rociletinib,nan,3,'8JC',555.2,CNX-419,www.icoa.fr/pkidb/static/img/mol/Rociletinib.svg
,,,,,AVL-301,
,,,,,CO-1686,
,,,,,Rociletinib,
Rogaratinib,nan,2,NaN,466.2,ROGARATINIB,www.icoa.fr/pkidb/static/img/mol/Rogaratinib.svg
,,,,,BAY 1163877,
Roniciclib,nan,2,NaN,430.1,,www.icoa.fr/pkidb/static/img/mol/Roniciclib.svg
Ruboxistaurin,Arxxant,3,'LY4',468.2,Arxxant,www.icoa.fr/pkidb/static/img/mol/Ruboxistaurin.svg
,,,,,LY-333531,
,,,,,Ruboxistaurin,
Ruxolitinib,Jakafi,4,'RXT',306.2,Jakavi,www.icoa.fr/pkidb/static/img/mol/Ruxolitinib.svg
,,,,,INCB-018424,
,,,,,Ruxolitinib,
Samotolisib,nan,2,NaN,406.2,LY-3023414,www.icoa.fr/pkidb/static/img/mol/Samotolisib.svg
,,,,,LY 3023414,
,,,,,WHO 10889,
,,,,,LY3023414,
Sapanisertib,nan,2,'FE5',309.1,MLN-0128,www.icoa.fr/pkidb/static/img/mol/Sapanisertib.svg
,,,,,Sapanisertib,
,,,,,TAK-228,
Sapitinib,nan,2,NaN,473.2,Sapitinib,www.icoa.fr/pkidb/static/img/mol/Sapitinib.svg
,,,,,AZD-8931,
Saracatinib,nan,3,'H8H',541.2,AZD-0530,www.icoa.fr/pkidb/static/img/mol/Saracatinib.svg
,,,,,Saracatinib,
,,,,,AZ-10353926,
Savolitinib,nan,3,'V0L',345.1,AZD-6094,www.icoa.fr/pkidb/static/img/mol/Savolitinib.svg
,,,,,Savolitinib,
,,,,,HMPL-504,
,,,,,AZD6094,
Selatinib,nan,1,NaN,564.1,,www.icoa.fr/pkidb/static/img/mol/Selatinib.svg
Seliciclib,nan,2,'RRC',354.2,Seliciclib,www.icoa.fr/pkidb/static/img/mol/Seliciclib.svg
,,,,,CYC-202,
,,,,,AL-39256,
Selonsertib,nan,2,'NJV',445.2,GS-4997,www.icoa.fr/pkidb/static/img/mol/Selonsertib.svg
,,,,,Selonsertib,
Selumetinib,nan,3,'3EW',456,ARRY-142886,www.icoa.fr/pkidb/static/img/mol/Selumetinib.svg
,,,,,AZD-6244,
,,,,,ARRY-886,
,,,,,Selumetinib,
Semaxanib,nan,3,'X2M',238.1,SU-5416,www.icoa.fr/pkidb/static/img/mol/Semaxanib.svg
,,,,,Semaxinib,
,,,,,Semaxanib,
Silmitasertib,nan,2,'3NG',349.1,Silmitasertib,www.icoa.fr/pkidb/static/img/mol/Silmitasertib.svg
,,,,,CX-4945,
Simotinib,nan,3,NaN,500.2,SIM-6802,www.icoa.fr/pkidb/static/img/mol/Simotinib.svg
Sitravatinib,nan,3,NaN,629.2,MGCD516,www.icoa.fr/pkidb/static/img/mol/Sitravatinib.svg
,,,,,Sitravatinib,
Solcitinib,nan,2,NaN,389.2,GLPG-0788,www.icoa.fr/pkidb/static/img/mol/Solcitinib.svg
,,,,,GSK2586184A,
,,,,,Solcitinib,
,,,,,GSK2586184,
,,,,,G-154578,
,,,,,GLPG-0778,
Sonolisib,nan,2,NaN,525.2,Sonolisib,www.icoa.fr/pkidb/static/img/mol/Sonolisib.svg
,,,,,PX-866,
Sorafenib,Nexavar,4,'BAX',464.1,Nexavar,www.icoa.fr/pkidb/static/img/mol/Sorafenib.svg
,,,,,Sorafenib,
,,,,,BAY-43-9006,
Sotrastaurin,nan,2,'LW4',438.2,AEB-071,www.icoa.fr/pkidb/static/img/mol/Sotrastaurin.svg
,,,,,NVP-AEB071,
,,,,,AEB071,
,,,,,Sotrastaurin,
Spebrutinib,nan,2,NaN,423.2,CC-292,www.icoa.fr/pkidb/static/img/mol/Spebrutinib.svg
,,,,,AVL-292,
,,,,,Spebrutinib,
Sunitinib,Sutent,4,'B49',398.2,Sutent,www.icoa.fr/pkidb/static/img/mol/Sunitinib.svg
,,,,,Sunitinib,
,,,,,SU-11248,
,,,,,Sutent,
Tafetinib,nan,1,NaN,424.2,,www.icoa.fr/pkidb/static/img/mol/Tafetinib.svg
Talmapimod,nan,2,'469',512.2,Talmapimod,www.icoa.fr/pkidb/static/img/mol/Talmapimod.svg
,,,,,SCIO-469,
Tamatinib,nan,2,'585',470.2,R-406,www.icoa.fr/pkidb/static/img/mol/Tamatinib.svg
Tandutinib,nan,2,NaN,562.3,Tandutinib,www.icoa.fr/pkidb/static/img/mol/Tandutinib.svg
,,,,,MLN-0518,
,,,,,CT-53518,
,,,,,MLN-518,
Tanzisertib,nan,2,'KBI',448.2,Tanzisertib,www.icoa.fr/pkidb/static/img/mol/Tanzisertib.svg
,,,,,JNK-930,
,,,,,CC-930,
Tarloxotinib,nan,2,NaN,679,,www.icoa.fr/pkidb/static/img/mol/Tarloxotinib.svg
Taselisib,nan,3,'799',460.2,RG-7604,www.icoa.fr/pkidb/static/img/mol/Taselisib.svg
,,,,,Taselisib,
,,,,,GDC-0032,
Telatinib,nan,2,NaN,409.1,BAY-57-9352,www.icoa.fr/pkidb/static/img/mol/Telatinib.svg
,,,,,Telatinib,
,,,,,BAY-579352,
Tepotinib,nan,2,'3E8',492.2,MSC-2156119,www.icoa.fr/pkidb/static/img/mol/Tepotinib.svg
,,,,,Tepotinib,
,,,,,MSC-2156119J,
,,,,,EMD-1214063,
Tesevatinib,nan,2,NaN,490.1,Tesevatinib,www.icoa.fr/pkidb/static/img/mol/Tesevatinib.svg
,,,,,XL-647,
,,,,,KD-020,
,,,,,KD-019,
Tivantinib,nan,3,'TIV',369.1,ARQ-197,www.icoa.fr/pkidb/static/img/mol/Tivantinib.svg
,,,,,Tivantinib,
Tivozanib,nan,4,'AV9',454.1,AV-951,www.icoa.fr/pkidb/static/img/mol/Tivozanib.svg
,,,,,Tivozanib,
,,,,,Kil-8951,
,,,,,Kil8951,
,,,,,ASP-4130,
,,,,,KRN-951,
Toceranib,nan,0,NaN,396.2,PHA-291639,www.icoa.fr/pkidb/static/img/mol/Toceranib.svg
,,,,,Toceranib,
Tofacitinib,Xeljanz,4,'MI1',312.2,Tasocitinib,www.icoa.fr/pkidb/static/img/mol/Tofacitinib.svg
,,,,,550,
,,,,,CP-690550,
,,,,,CP-690,
,,,,,Tofacitinib,
Tomivosertib,nan,2,'N45',340.2,NK1 AND MNK2,www.icoa.fr/pkidb/static/img/mol/Tomivosertib.svg
Tozasertib,nan,2,'VX6',464.2,VX-680,www.icoa.fr/pkidb/static/img/mol/Tozasertib.svg
,,,,,MK-0457,
,,,,,Tozasertib,
,,,,,VX-68,
,,,,,MK-045,
Trametinib,Mekinist,4,NaN,615.1,Mekinist,www.icoa.fr/pkidb/static/img/mol/Trametinib.svg
,,,,,GSK1120212,
,,,,,Trametinib,
Trilaciclib,nan,2,NaN,446.3,G1T28,www.icoa.fr/pkidb/static/img/mol/Trilaciclib.svg
,,,,,Trilaciclib,
Tucatinib,nan,2,NaN,480.2,Tucatinib,www.icoa.fr/pkidb/static/img/mol/Tucatinib.svg
,,,,,ONT-380,
,,,,,ARRY-380,
Ulixertinib,nan,2,'EVK',432.1,VRT752271,www.icoa.fr/pkidb/static/img/mol/Ulixertinib.svg
,,,,,VRT-752271,
,,,,,BVD-523,
Umbralisib,nan,3,NaN,571.2,Umbralisib,www.icoa.fr/pkidb/static/img/mol/Umbralisib.svg
,,,,,TGR-1202 base,
,,,,,RP-5264,
Upadacitinib,Rinvoq,4,NaN,380.2,ABT-494,www.icoa.fr/pkidb/static/img/mol/Upadacitinib.svg
,,,,,Upadacitinib,
Uprosertib,nan,2,NaN,428.1,Uprosertib,www.icoa.fr/pkidb/static/img/mol/Uprosertib.svg
,,,,,GSK2141795C,
,,,,,GSK2141795,
Vactosertib,nan,1.5,NaN,399.2,,www.icoa.fr/pkidb/static/img/mol/Vactosertib.svg
Vandetanib,Caprelsa;Zactima,4,'ZD6',474.1,Caprelsa;Zactima,www.icoa.fr/pkidb/static/img/mol/Vandetanib.svg
,,,,,GNF-Pf-2188,
,,,,,ZD-6474,
,,,,,Vandetanib,
,,,,,ZD-64,
Varlitinib,nan,2.5,NaN,466.1,ARRY-543,www.icoa.fr/pkidb/static/img/mol/Varlitinib.svg
,,,,,ASLAN-001,
,,,,,Varlitinib,
,,,,,ARRY-334543,
Vatalanib,nan,3,NaN,346.1,BAY-86-5127,www.icoa.fr/pkidb/static/img/mol/Vatalanib.svg
,,,,,PTK-787,
,,,,,NVP-PTK787,
,,,,,ZK-222584,
,,,,,K-222584,
,,,,,CGP-79787,
,,,,,PTK787,
,,,,,Vatalanib,
Vemurafenib,Zelboraf,4,'032',489.1,Zelboraf,www.icoa.fr/pkidb/static/img/mol/Vemurafenib.svg
,,,,,Vemurafenib,
,,,,,PLX-4032,
,,,,,Ro-5185426,
,,,,,RG-7204,
Verosudil,nan,2,NaN,327.1,Verosudil,www.icoa.fr/pkidb/static/img/mol/Verosudil.svg
,,,,,AR-12286,
Vistusertib,nan,2,NaN,462.2,AZD-2014,www.icoa.fr/pkidb/static/img/mol/Vistusertib.svg
,,,,,AZD2014,
,,,,,Vistusertib,
Volasertib,nan,3,'IBI',618.4,BI-6727,www.icoa.fr/pkidb/static/img/mol/Volasertib.svg
,,,,,Volasertib,
Voruciclib,nan,2,NaN,469.1,,www.icoa.fr/pkidb/static/img/mol/Voruciclib.svg
Voxtalisib,nan,2,NaN,270.1,SAR-245409,www.icoa.fr/pkidb/static/img/mol/Voxtalisib.svg
,,,,,Voxtalisib,
,,,,,XL-765,
Zanubrutinib,nan,4,NaN,471.2,BGB-3111,www.icoa.fr/pkidb/static/img/mol/Zanubrutinib.svg
,,,,,ZANUBRUTINIB,
(*) indicates that the target is not a kinase,,,,,,